,QueryLabel,TimeStart,TimeStop,Top,Retweet,TweetID,TweetText,Positive Sentiment,Negative Sentiment
0,emt,2018-06-28 11:08:53,2018-06-27 23:08:54,1,36.0,1.0122060926533509e+18,"!PAREMOS ESTA LOCURA! Proponen q S√ìLO tenga COCHE QUIEN TENGA GARAJE 

 Afines a Grezzi plantean adem√°s TASAS para ACCEDER al CENTRO y que BICIS puedan ir ¬°en CONTRADIRECCI√ìN!, adem√°s de poder ¬°SALTARSE los üö¶ en ROJO!

¬°YA EST√Å BIEN! FIRMEMOS Y DIFUNDAMOS https://t.co/DAWaJgkg3x",2.0,-1.0
1,emt,2018-06-28 11:08:53,2018-06-27 23:08:54,2,6.0,1.0122632873864069e+18,El colapso generado en #Val√©ncia por las pol√≠ticas de Rib√≥ y Grezzi obligan a los conductores a buscar alternativas de circulaci√≥n por caminos rurales. https://t.co/HQIk30ISwE,1.0,-2.0
2,emt,2018-06-28 11:08:53,2018-06-27 23:08:54,3,2.0,1.0122593685728051e+18,"#InfoEMT: A partir del proper dimarts 3 de juliol, millorem el servici a les platges. https://t.co/1kL4zPBZsf",1.0,-1.0
3,emt,2018-06-28 11:08:53,2018-06-27 23:08:54,4,1.0,1.012281439772205e+18,"‚ö†Ô∏è‚≠ïÔ∏èTANCADA a la circulaci√≥ la Pla√ßa de l'Ajuntament, entre Sang i Periodista Azzati, per manifestaci√≥.",1.0,-1.0
5,emt,2018-06-27 23:08:53,2018-06-26 11:08:54,1,6.0,1.0119683739143086e+18,üöç@VlcMobilitat adaptar√† 17 parades m√©s de l'@emtvalencia i impulsar√† les franges tacte-visuals en altres 169 parades. https://t.co/qXRg2W5pIB https://t.co/OhFlzngFBG,1.0,-1.0
6,emt,2018-06-27 23:08:53,2018-06-26 11:08:54,2,3.0,1.0119900759729562e+18,"La @emtvalencia alarga las l√≠neas 95 y 18 hacia la playa desde Malilla, Sant Marcel¬∑l√≠ y Nazaret https://t.co/7yBRwPTDIM Por @josepbartual",1.0,-1.0
7,emt,2018-06-27 23:08:53,2018-06-26 11:08:54,3,2.0,1.0120792579866993e+18,"@Kale_Barraka ""Kambiar Todo Para Que No Kambie Kanal 9"".

Il Gattopardo, Giuseppe Grezzi di Lampedusa.",1.0,-1.0
8,emt,2018-06-27 23:08:53,2018-06-26 11:08:54,4,1.0,1.0118768706049352e+18,Como se puede observar en esta pegatina de la @emtvalencia claramente confirman la fant√°stica gesti√≥n (tono ir√≥nico) de @joanribo y @giuseppegrezzi algo que no sorprende a nadie m√°s que a los incr√©dulos que sin votarles les dimos un voto de confianza y fallan estrepitosamente https://t.co/jJ33x0OVjk,3.0,-4.0
9,emt,2018-06-27 23:08:53,2018-06-26 11:08:54,5,1.0,1.0120407411897508e+18,"@sgalberto Bona vesprada, la freq√º√®ncia programada de la L√≠nia 6 s√≥n 11-12 minuts. Ens consta una incid√®ncia que ha afectat l'horari. Salutacions",1.0,-1.0
20,emt,2018-06-20 11:08:53,2018-05-24 20:14:20,1,73.0,1.0013722244173537e+18,"El gobierno de Rib√≥ bate r√©cords de contratos a dedo üëâüí∂. Los que tanto criticaban y ahora no dejan de dar contratos sin concurso, como los 21.000 euros de Grezzi, el tope, para su bicifest.",2.0,-4.0
21,emt,2018-06-20 11:08:53,2018-05-24 20:14:20,2,54.0,1.0047211780853883e+18,"‚ÄúRib√≥ y Grezzi NO cumplen sus COMPROMISos‚Äù, as√≠ han aparecido hoy algunas paradas de la EMT con quejad de trabajadores y usuarios. Pero Grezzi te dice que va todo de maravilla.",3.0,-2.0
22,emt,2018-06-20 11:08:53,2018-05-24 20:14:20,3,53.0,1.0042769359487508e+18,"La EMT pierde 637.000 viajeros. As√≠ responden los usurarios a los cambios de l√≠neas de Grezzi. Se supone que Comprom√≠s ven√≠a a fomentar el transporte p√∫blico y s√≥lo est√° consiguiendo que lo use menos gente. Vaya √©xito, Grezzi.",2.0,-1.0
23,emt,2018-06-20 11:08:53,2018-05-24 20:14:20,4,44.0,1.001455263528833e+18,"Escucha Grezzi lo que tienen que decir los vecinos de #Nazaret: denuncian la peligrosidad y el mal estado del carri bici. En lugar de hacer carriles sin planificaci√≥n, empieza por arreglar los ya existentes:",1.0,-3.0
24,emt,2018-06-20 11:08:53,2018-05-24 20:14:20,5,41.0,1.0046827432661402e+18,Detenido un conductor de la @emtvalencia por masturbarse mientras conduc√≠a un autob√∫s,1.0,-1.0
25,metro,2018-06-28 11:08:53,2018-06-27 23:08:54,1,1.0,1.0121632117500682e+18,"@valencia_amara @Metro_TV @cadarmerah Disitulah kebesaran jiwa seseorang apalagi Calon pemimpin bisa dilihat.
Dan skrg ia sdh diperlihatkan ternyata jiwanya kerdil.
Untung kalah.",1.0,-1.0
30,metro,2018-06-27 23:08:53,2018-06-26 11:08:54,1,26.0,1.011868626998227e+18,"Hoy en el #Caf√©Joserra el candidato del PP tiene los reda√±os de hablar de @sanchezcastejon como ""El Presidente Muerte"" por la ley de la eutanasia... De c√≥mo gestion√≥ su partido casos como el #Yak-42, del accidente del metro de Valencia,  de ETA y el #11M...  Lo ha debido olvidar. https://t.co/RoCzCpl0WU",1.0,-2.0
31,metro,2018-06-27 23:08:53,2018-06-26 11:08:54,2,11.0,1.0119638294446653e+18,"S√© que no va a leerme mucha gente, pero The Or√§cles y yo tocamos juto a @mantequillarock y  @Anthr_Influence el 21 de Julio en la sala Magazine (cerca de la parada de metro de √Ängel Guimer√†, Valencia)",1.0,-1.0
32,metro,2018-06-27 23:08:53,2018-06-26 11:08:54,3,6.0,1.011621426682622e+18,"#Ahora| A prop√≥sito de los #100DiasATodaMaquina emanados por @TransporteGobVe, bajo las sendas de @NicolasMaduro la Presidenta del Metro de Valencia Yolyemil Rodr√≠guez, tras alianza con IFE y Corpolog√≠stica traslada booguies hacia la ciudad de Caracas para su reperfilado https://t.co/AImJaZCi2v",1.0,-1.0
33,metro,2018-06-27 23:08:53,2018-06-26 11:08:54,4,5.0,1.0116192435096658e+18,"Metro de Valencia ejecuta 2do traslado de booguies para su mantenimiento y reperfilado, cumpliendo as√≠ las l√≠neas del presidente @NicolasMaduro y @TransporteGobVe en el marco del Plan de Alto Impacto #100DiasATodaMaquina que pretende consolidar aun m√°s al sector transporte https://t.co/lPtEHtzGEw",2.0,-1.0
34,metro,2018-06-27 23:08:53,2018-06-26 11:08:54,5,4.0,1.0117582733248717e+18,"üî¥Al momento| Llegan unidades reperfiladas del sistema de ruedas de Metro de Valencia, desde la sede del IFE. Dando cumplimiento a las metas trazadas en materia del mantenimiento de  trenes, con el firme prop√≥sito de optimizar el servicio.
#100diasdealtoimpacto #PlanAltoImpacto https://t.co/1bc4ruCRcI",3.0,-2.0
35,metro,2018-06-26 11:08:53,2018-06-24 11:08:54,1,38.0,1.011546555998974e+18,q cuco el metro d val√®ncia jo no havia vist a√ß√≤ üíúüíú https://t.co/8wgxtsvVtb,1.0,-2.0
36,metro,2018-06-26 11:08:53,2018-06-24 11:08:54,2,5.0,1.0113442472394015e+18,"Me parec√≠a extra√±o que alguien como Cospedal no utilizase a las v√≠ctimas de ETA como arma pol√≠tica.
Ojal√° se acordase as√≠ de las del ALVIA, Metro de Valencia, YAK42... https://t.co/1sw7WFwuep",1.0,-1.0
37,metro,2018-06-26 11:08:53,2018-06-24 11:08:54,3,4.0,1.0112393485310566e+18,https://t.co/r0lcO8WAwS @metrovalencia @GVAfgv @CERMICV @Cermi_Estatal,1.0,-1.0
38,metro,2018-06-26 11:08:53,2018-06-24 11:08:54,4,4.0,1.0113422379327775e+18,"Se efectua patrullaje con interaccion (PACIN) en la estaci√≥n del Metro la Cede√±o en la ciudad de Valencia, con la finalidad de atender las necesidades de los ciudadanos y brindar seguridad preventiva. #25Jun https://t.co/1v9gKQ7Njc",2.0,-1.0
39,metro,2018-06-26 11:08:53,2018-06-24 11:08:54,5,4.0,1.0113002336685097e+18,via @ahinamendez:  @NEGROGADEA le acaban de robar el tlf a mi esposo en el metro de Valencia y les comunic√≥ para que est√©n mosca,1.0,-1.0
45,metro,2018-06-20 11:08:53,2018-05-24 20:14:20,1,30.0,1.0031838341653176e+18,Recordatorio. Ma√±ana comienza el Festa!! üéâüôåüíû Est√°is preparados ARMYs? Yo estoy que me muerdo las u√±as. Y tengo ganas de ver el cartel en el metro de Madrid üòçüôä @BTS_twt #BTS #Î∞©ÌÉÑÏÜåÎÖÑÎã® #FakeLove8thWin,2.0,-1.0
46,metro,2018-06-20 11:08:53,2018-05-24 20:14:20,2,22.0,1.0033043735843594e+18,"‚ú®‚ù§Ô∏èA todos los ARMYs nuevos‚ù§Ô∏è‚ú® Disfrutad much√≠simos de este #BTSFESTA2018 üòò Y si sois de Espa√±a, recordaros que este a√±o y gracias a las chicas @BeyondtheSpain Espa√±a se suma con un regalazo a ARMY y @BTS_twt al tener marquesina en el metro de Madrid üòçüòç",3.0,-1.0
47,metro,2018-06-20 11:08:53,2018-05-24 20:14:20,3,20.0,1.0033516198603366e+18,"@El1escribidor @AtilaAllboys Aqu√≠ en Espa√±a ya murieron 3 trabajadores del metro de Madrid a consecuencia del asbesto, Tanto el imb√©cil que se acaba de ir de aqu√≠ como el que a√∫n est√° all√° son responsables de las muertes espa√±olas como de las que habr√° en Argentina",2.0,-2.0
48,metro,2018-06-20 11:08:53,2018-05-24 20:14:20,4,15.0,1.0032243785308447e+18,Seg√∫n @AEMET_CValencia esta madrugada es el cuarto episodio de lluvias m√°s intenso en Valencia en un mes de junio desde que se registra en la serie hist√≥rica @GVA112 @InfoAdif @metrovalencia,3.0,-1.0
49,metro,2018-06-20 11:08:53,2018-05-24 20:14:20,5,11.0,1.0035420142757847e+18,Este mi√©rcoles te esperamos para correr y disfrutar juntos el Global @runningday! Solo necesitas zapatillas y ganas! üìÖ‚è∞ 6 junio - 19h üì∏ 19.30 üèÉüèª‚Äç‚ôÄÔ∏èüèÉüèΩ‚Äç‚ôÇÔ∏è üìç Jard√≠n del Turia (Metro Alameda) üèÅ 3-5 km,3.0,-1.0
70,valenbici,2018-06-20 11:08:53,2018-05-24 20:14:20,1,6.0,1.0035368325024563e+18,.@valenbisi_es pierde abonados por cuarto mes consecutivo y apenas supera los 44.000,2.0,-1.0
71,valenbici,2018-06-20 11:08:53,2018-05-24 20:14:20,2,2.0,1.004282299645612e+18,"Atenci√≥ a la disponibilitat d'Estacions Valenbisi #EVB. Consultar @biciv i davant de poca disponibilitat de bornetes lliures anar amb temps perqu√® haureu d'aparcar-la en #EVBs allunyades. RECORDEU que al arribar a una Estaci√≥ i est√† plena, passeu la targeta i teniu 15' de bonus.. RT @TransitValencia: Recordem que hui continuen les proves d‚Äôacc√®s a la Universitat, pel que s‚Äôesperen majors despla√ßaments i intensitat circulat√≤ria en els accessos a la @UPV i el Campus dels Tarongers. Preveniu despla√ßaments üòâ @AjuntamentVLC @emtvalencia #EBAU2018 #EBAU",2.0,-1.0
72,valenbici,2018-06-20 11:08:53,2018-05-24 20:14:20,3,1.0,1.0032944841201336e+18,@valenbisi_es @emtvalencia @metrovalencia S'ha quedat un dia preci√≥s per anar en bici,1.0,-1.0
73,valenbici,2018-06-20 11:08:53,2018-05-24 20:14:20,4,1.0,1.0033746115207414e+18,"Buenas noticias desde @AytoAlfafar üòÑ Si conoc√©is buenas noticias del √°rea metropolitana y cercanas a Val√®ncia para ampliar las v√≠as ciclables compartirlo con nosotros, ¬°gracias! RT @RedCiudadesBici: Alfafar: El proyecto del carril bici obtiene subvenci√≥n europea",3.0,-1.0
74,valenbici,2018-06-20 11:08:53,2018-05-24 20:14:20,5,1.0,1.0025156174365327e+18,@taxivoltereta @joanribo @policialocalvlc @ciclismoafondo Un punto interesante en las Estaciones Valenbisi ser√≠a si al elegir un idioma que no sea espa√±ol / valenciano y/o a los nuevos turistas de corta duraci√≥n les apareciera consignas de seguridad y educaci√≥n vial antes de desbloquear las bornetas @ValenbisiOfi @VlcMobilitat,4.0,-2.0
