"Twitter Query: emt OR emtvalencia OR grezzi OR giussepegrezzi OR transitvalencia near:39.4699075,-0.3762881000000107,15mi -filter:retweets",,,,,,,,,,,User Details,,,,,,,,,
Date,Screen Name,Full Name,Tweet Text,Tweet ID,Link(s),Media,Location,Retweets,Favorites,App,Followers,Follows,Listed,Verfied,User Since,Location,Bio,Website,Timezone,Profile Image
4/06/2018 12:27:07,@vruperez,Vicente Rup√©rez,Exitazo de grezzi!!! @CompromisVLC @AjuntamentVLC RT @lasprovincias: .@valenbisi_es pierde abonados por cuarto mes consecutivo y apenas supera los 44.000,1003583921416822784,"https://twitter.com/lasprovincias/status/1003536832502456320 http://www.lasprovincias.es/valencia-ciudad/valenbisi-pierde-abonados-20180604004059-ntvo.html",,,0,0,Twitter for iPhone,725,1171,18,,5/3/2010,Valencia,Fotografiando emociones que ma√±ana seran irrepetibles!,http://www.facebook.com/vruperez,,View
4/06/2018 10:15:00,@vlcextra,Val√®ncia Extra,La fake news de les c√†meres de l'EMT,1003550673881980928,http://valenciaextra.com/camaras-seguridad-autobuses-emt/,,,0,0,TweetDeck,1375,511,27,,3/10/2016,"Valencia, Espa√±a",Diari digital valenci√† amb una clara aposta per la informaci√≥ audiovisual i pr√≤xima,http://www.valenciaextra.com,,View
4/06/2018 9:53:27,@ValenciaEscucha,#ValenciaEscucha,Otro √©xito m√°s de Grezzi... menos mal que est√° apostando por la bicicleta... RT @lasprovincias: .@valenbisi_es pierde abonados por cuarto mes consecutivo y apenas supera los 44.000,1003545251670315009,"https://twitter.com/lasprovincias/status/1003536832502456320 http://www.lasprovincias.es/valencia-ciudad/valenbisi-pierde-abonados-20180604004059-ntvo.html",,,17,9,Twitter for iPhone,1779,796,22,,11/11/2016,"Valencia, Espa√±a","Si @joanribo no te escucha, nosotros s√≠. Recogemos todas las denuncias de #Valencia porque queremos una ciudad mejor para vivir. ¬°Manda la tuya!",,,View
4/06/2018 9:32:09,@TransitValencia,Tr√°fico Valencia,"(09:30h) #tr√†nsitVLC dens üî∂en avinguda del Cid en ambd√≥s sentits, Corts Valencianes i Pista de Silla d'entrada, els accessos a Pla√ßa d'Espanya per la G.V.Ferran el Cat√≤lic i St Francesc de Borja, i Comte de Tr√©nor.",1003539889382723584,,,,0,2,Twitter Web Client,11386,239,135,,11/19/2012,VALENCIA (ESPA√ëA),"Not√≠cies, esdeveniments i previsions sobre #mobilitat a la ciutat de #Val√®ncia",http://www.valencia.es/ayuntamiento/trafico.nsf/vPortadasTituloAux/Portada?opendocument&lang=1&nivel=1,,View
4/06/2018 9:18:38,@giuseppegrezzi,Giuseppe Grezzi,"@nandosaldi @metrovalencia @GVAhabitatge Respeto lo que dices sin embargo es evidente que no puedo actuar porque no tengo competencias. En la Emt s√≠, y se nota:",1003536487453949952,https://valenciaplaza.com/la-emt-de-valencia-registra-un-incremento-del-44-de-usuarios-en-las-lineas-nocturnas,,,0,3,Twitter for Android,9525,648,185,,5/31/2010,"Valencia, Espa√±a","Ac√≠ no em pariren,per√≥ ac√≠ estic. Itali√† de Val√®ncia. Portavoz @VerdsEquo_ en @CompromisVLC regidor de Mobilitat Sostenible de l'Ajunt.Val√®ncia",http://www.giuseppegrezzi.net,,View
4/06/2018 9:11:56,@TransitValencia,Tr√°fico Valencia,(09:11h) ‚ö†Ô∏è PRECAUCI√ì: accident al carril dret d'avinguda del Cid d'eixida #tr√†nsitVLC,1003534805018009600,,,,0,1,Twitter Web Client,11386,239,135,,11/19/2012,VALENCIA (ESPA√ëA),"Not√≠cies, esdeveniments i previsions sobre #mobilitat a la ciutat de #Val√®ncia",http://www.valencia.es/ayuntamiento/trafico.nsf/vPortadasTituloAux/Portada?opendocument&lang=1&nivel=1,,View
4/06/2018 9:05:31,@TransitValencia,Tr√°fico Valencia,"(09:00h) #tr√†nsitVLC dens üî∂en Pista de Silla i avinguda del Cid en ambd√≥s sentits, l'eix Pius XII-G.V.Ferran el Cat√≤lic-Pl. d'Espanya, Ausi√†s March i Antonio Ferrandis d'eixida i Comte de Tr√©nor.",1003533189632155653,,,,0,2,Twitter Web Client,11386,239,135,,11/19/2012,VALENCIA (ESPA√ëA),"Not√≠cies, esdeveniments i previsions sobre #mobilitat a la ciutat de #Val√®ncia",http://www.valencia.es/ayuntamiento/trafico.nsf/vPortadasTituloAux/Portada?opendocument&lang=1&nivel=1,,View
4/06/2018 8:34:11,@TransitValencia,Tr√°fico Valencia,"(08:30h) #tr√†nsitVLC dens üî∂en Pista de Silla i avinguda del Cid en ambd√≥s sentits, Ronda Nord i Ausi√†s March d'eixida, pas inferior de Germanies en ambd√≥s sentits i Pius XII‚û°Ô∏èGran Via Ferran el Cat√≤lic.",1003525301022920705,,,,0,1,Twitter Web Client,11386,239,135,,11/19/2012,VALENCIA (ESPA√ëA),"Not√≠cies, esdeveniments i previsions sobre #mobilitat a la ciutat de #Val√®ncia",http://www.valencia.es/ayuntamiento/trafico.nsf/vPortadasTituloAux/Portada?opendocument&lang=1&nivel=1,,View
4/06/2018 8:16:00,@vlcextra,Val√®ncia Extra,La fake news de les c√†meres de l'EMT @emtvalencia #FakeNews,1003520726215741441,http://valenciaextra.com/camaras-seguridad-autobuses-emt/,https://pbs.twimg.com/media/Dey74z-WsAEOsKN.jpg,,0,0,TweetDeck,1375,511,27,,3/10/2016,"Valencia, Espa√±a",Diari digital valenci√† amb una clara aposta per la informaci√≥ audiovisual i pr√≤xima,http://www.valenciaextra.com,,View
4/06/2018 8:02:30,@TransitValencia,Tr√°fico Valencia,"(08:00h) Bon dia, a esta hora #tr√†nsitVLC dens üî∂en Pista de Silla i avinguda del Cid en ambd√≥s sentits, Ronda Nord d'eixida i els accessos a la ciutat per avinguda del Cid i Sant Vicent.",1003517331522408454,,,,3,4,Twitter Web Client,11386,239,135,,11/19/2012,VALENCIA (ESPA√ëA),"Not√≠cies, esdeveniments i previsions sobre #mobilitat a la ciutat de #Val√®ncia",http://www.valencia.es/ayuntamiento/trafico.nsf/vPortadasTituloAux/Portada?opendocument&lang=1&nivel=1,,View
4/06/2018 8:00:47,@sgalberto,Alberto Sancho,"Quan s√≥n les 8 del mat√≠ i ja has suat m√©s que en tot el dia anterior. @emtvalencia, ac√≠, l‚Äôaire condicionat no √©s un luxe.",1003516899685265409,,pic.twitter.com/9ae9n9Hz8D,,0,2,Twitter for iPhone,1753,1694,74,,8/13/2008,D'Alzira. A Val√®ncia,Gesti√≥ i comunicaci√≥ cultural. I was born desficioset.,,,View
3/06/2018 19:58:54,@TransitValencia,Tr√°fico Valencia,üëâAquesta nit treballs de manteniment en els Passos Inferiors de Petxina i Petxina ‚Äì Blanqueries,1003335230927835136,,https://pbs.twimg.com/media/DeyQAvEW0AA-lg5.jpg,,1,1,Twitter Web Client,11386,239,135,,11/19/2012,VALENCIA (ESPA√ëA),"Not√≠cies, esdeveniments i previsions sobre #mobilitat a la ciutat de #Val√®ncia",http://www.valencia.es/ayuntamiento/trafico.nsf/vPortadasTituloAux/Portada?opendocument&lang=1&nivel=1,,View
3/06/2018 19:51:24,@belmotilla,BELEN MOTILLA GINES,Os esperamos el 7 de Junio en la Cuestacion de @aeccvalencia @belenriosb @Roda_Alejandro @LunasAmseld @SirenasCiudad Muchas gracias a @hello_valencia @emtvalencia @chocolatesvalor @AjuntamentVLC @belmotilla,1003333341637160960,,https://pbs.twimg.com/media/DeyOWRbXcAA4PBs.jpg,,2,5,Twitter for Android,1832,4177,73,,2/12/2013,valencia,http://www.wonderencuentrosbm.comüíªüì∑üì∫üéûÔ∏èüìªüîëüïâÔ∏èüîùüé•üìπ Marketing y Reputaci√≥n on line: Comunidades Virtuales,http://www.wonderencuentrosbm.com,,View
3/06/2018 19:35:52,@crls8995,#ICARLMOLENKO‚úå üíØ%,@laracollgil Pues la verdad es que si.... la peor venganza de la emt.,1003329432524918784,,,,0,1,Twitter for Android,1579,1924,18,,1/8/2012,"Valencia, Espa√±a","Dios solo hay uno y es el Gran Don Antonio BarraD19S B1919 VALENCIA TORREVIEJA CN10 Shevchenko, Vicente, Aimar, Ca√±izares y Villa dioses. AMUNT VALENCIA #19",,,View
3/06/2018 18:17:29,@TransitValencia,Tr√°fico Valencia,"üëâA les 19.00h Cavalcada de les Roques i Process√≥ General del Corpus amb el seg√ºent itinerari: Pl. de la Verge, C/Cavallers, C/Bolseria, C/ Maria Cristina, C/Sant Vicent, Pl. de la Reina, C/Mar, C/Avellanes, Pl. Almoina i Catedral. Previstos talls ‚≠ïÔ∏è i restriccions al tr√†nsit",1003309705446469632,,,,0,7,Twitter Web Client,11386,239,135,,11/19/2012,VALENCIA (ESPA√ëA),"Not√≠cies, esdeveniments i previsions sobre #mobilitat a la ciutat de #Val√®ncia",http://www.valencia.es/ayuntamiento/trafico.nsf/vPortadasTituloAux/Portada?opendocument&lang=1&nivel=1,,View
3/06/2018 17:16:59,@pacoguillem,Francesc Guillem,@valenbisi_es @emtvalencia @metrovalencia S'ha quedat un dia preci√≥s per anar en bici,1003294484120133632,,https://pbs.twimg.com/media/Dexq8jMWsAE-pd9.jpg,,1,2,Twitter for Android,236,298,16,,6/21/2010,Massalfassar,Ciclista urb√† del sud emigrat al nord. Enamorat de les paraules. M'agrada c√≥rrer i fer de viquipedista.,,,View
3/06/2018 16:21:58,@TransitValencia,Tr√°fico Valencia,"üëâ C/ de la Pau des de Marqu√®s de Dosaig√ºes, C/ Sant Vicent entre Pla√ßa de la Reina i Pla√ßa de l'Ajuntament i C/ Maria Cristina, tancats al tr√†nsit per actes del ""Corpus Christi"". Circule amb precauci√≥",1003280637900611585,,https://pbs.twimg.com/media/DexeYidX4AAdDWE.jpg,,0,1,Twitter Web Client,11386,239,135,,11/19/2012,VALENCIA (ESPA√ëA),"Not√≠cies, esdeveniments i previsions sobre #mobilitat a la ciutat de #Val√®ncia",http://www.valencia.es/ayuntamiento/trafico.nsf/vPortadasTituloAux/Portada?opendocument&lang=1&nivel=1,,View
3/06/2018 14:19:31,@mofejo,Joan Molano,"C√°maras en los buses de la EMT para multar en el carril bus, pol√≠ticos corruptos pidiendo protecci√≥n policial, el posible fichaje del #ValenciaCF...",1003249822571335680,,,,0,0,Twitter for iPhone,1299,941,44,,11/15/2011,Valencia. Espa√±a,Jugu√© en el Estadio Insular. Cuento historias. Temporero.,,,View
3/06/2018 11:46:41,@Feminosis,JMG,@sergipitarch @eldiarioes Baldov√≠ ha ofrecido a S√°nchez que Grezzi gestione la Dgt.,1003211360623316992,,,,0,1,Twitter for iPhone,36,148,0,,11/8/2011,"Valencia, Espa√±a",,,,View
3/06/2018 6:55:48,@valenbisi_es,fomenta la bici,De nou en la ciutat. Deixa la Valenbisi en una #EVB si no ho has fet ja i canvia a @emtvalencia @metrovalencia taxi.... Bon dia i a gaudir de la pluja amb tota una agenda d'activitats que hi ha a Val√®ncia!,1003138157091676160,,,,0,0,Twitter Web Client,1705,289,80,,9/19/2010,"Valencia, Spain","Cuenta no oficial del servicio de bicis de la ciudad de Valencia, Valenbisi. Fomento del uso de la bicicleta #transportepublico #bici Info: valenbisi@gmail.com",,,View
3/06/2018 5:40:17,@valenbisi_es,fomenta la bici,A estas horas pocos biciclista pedalean por la ciudad pero por precauci√≥n si has cogido la bici para y espera a que no sea tan intensa la tormenta. Elegir @emtvalencia en su servicio nocturno y @metrovalencia en.. una hora... El tema de alternativa lo dejamos al taxi :),1003119151819390977,,,,0,1,Twitter for Android,1705,289,80,,9/19/2010,"Valencia, Spain","Cuenta no oficial del servicio de bicis de la ciudad de Valencia, Valenbisi. Fomento del uso de la bicicleta #transportepublico #bici Info: valenbisi@gmail.com",,,View
3/06/2018 0:54:15,@TransitValencia,Tr√°fico Valencia,"(00:55h) ‚úÖ FINALITZADA la #15KNocturnaVLC, tot obert excepte la Gran Via Marqu√®s del T√∫ria (per treballs de neteja) i el tram de la meta en Enginyer Manuel Soto.",1003047167311929345,,,,1,4,Twitter Web Client,11386,239,135,,11/19/2012,VALENCIA (ESPA√ëA),"Not√≠cies, esdeveniments i previsions sobre #mobilitat a la ciutat de #Val√®ncia",http://www.valencia.es/ayuntamiento/trafico.nsf/vPortadasTituloAux/Portada?opendocument&lang=1&nivel=1,,View
3/06/2018 0:31:50,@TransitValencia,Tr√°fico Valencia,"(00:30h) ‚úÖ OBERTS al #tr√†nsitVLC els talls de la #15KNocturnaVLC, EXCEPTE la Gran Via Marqu√®s del T√∫ria (per neteja) i l'√∫ltim tram de la carrera des de Menorca. @15kNocturnaVlc",1003041526010785793,,,,0,3,Twitter Web Client,11386,239,135,,11/19/2012,VALENCIA (ESPA√ëA),"Not√≠cies, esdeveniments i previsions sobre #mobilitat a la ciutat de #Val√®ncia",http://www.valencia.es/ayuntamiento/trafico.nsf/vPortadasTituloAux/Portada?opendocument&lang=1&nivel=1,,View
3/06/2018 0:04:20,@TransitValencia,Tr√°fico Valencia,"(00:00h) ‚úÖ OBERTS al #tr√†nsitVLC els talls de la #15KNocturnaVLC, EXCEPTE l'itinerari de la carrera des de la Gran Via Marqu√®s del T√∫ria. @15kNocturnaVlc",1003034605719621634,,https://pbs.twimg.com/media/Det-oI1WsAIwORd.jpg,,0,3,Twitter Web Client,11386,239,135,,11/19/2012,VALENCIA (ESPA√ëA),"Not√≠cies, esdeveniments i previsions sobre #mobilitat a la ciutat de #Val√®ncia",http://www.valencia.es/ayuntamiento/trafico.nsf/vPortadasTituloAux/Portada?opendocument&lang=1&nivel=1,,View
2/06/2018 23:37:37,@TransitValencia,Tr√°fico Valencia,"(23:35h) ‚úÖ OBERTS al #tr√†nsitVLC els dos primers trams de l'itinerari de la #15KNocturnaVLC (marcats en blau i roig al pl√†nol), EXCEPTUANT Navarro Reverter. @15kNocturnaVlc",1003027882099335170,,https://pbs.twimg.com/media/Det4g1xX4AAzJJX.jpg,,0,3,Twitter Web Client,11386,239,135,,11/19/2012,VALENCIA (ESPA√ëA),"Not√≠cies, esdeveniments i previsions sobre #mobilitat a la ciutat de #Val√®ncia",http://www.valencia.es/ayuntamiento/trafico.nsf/vPortadasTituloAux/Portada?opendocument&lang=1&nivel=1,,View
2/06/2018 23:02:48,@TransitValencia,Tr√°fico Valencia,(23:00h) ‚úÖ COMENCEN A OBRIR els talls al #tr√†nsitVLC des de l'avinguda del Port #15KNocturnaVLC @15kNocturnaVlc Tr√†nsit a temps real a trav√©s de:,1003019121355878400,https://bit.ly/2rsywpj,,,0,3,Twitter Web Client,11386,239,135,,11/19/2012,VALENCIA (ESPA√ëA),"Not√≠cies, esdeveniments i previsions sobre #mobilitat a la ciutat de #Val√®ncia",http://www.valencia.es/ayuntamiento/trafico.nsf/vPortadasTituloAux/Portada?opendocument&lang=1&nivel=1,,View
2/06/2018 22:56:40,@TransitValencia,Tr√°fico Valencia,(22:55h) ‚≠ïÔ∏è Fets tots els talls al #tr√†nsitVLC de la #15KNocturnaVLC (excepte el tram final a partir del carrer de l'Alcalde Reig üëá) @15kNocturnaVlc Tr√†nsit a temps real a trav√©s de:,1003017576740474885,https://bit.ly/2rsywpj,https://pbs.twimg.com/media/DetvJLFXUAIoeuL.jpg,,0,2,Twitter Web Client,11386,239,135,,11/19/2012,VALENCIA (ESPA√ëA),"Not√≠cies, esdeveniments i previsions sobre #mobilitat a la ciutat de #Val√®ncia",http://www.valencia.es/ayuntamiento/trafico.nsf/vPortadasTituloAux/Portada?opendocument&lang=1&nivel=1,,View
2/06/2018 22:44:59,@TransitValencia,Tr√°fico Valencia,(22:45h) ‚≠ïÔ∏è Fets tots els talls al #tr√†nsitVLC de la #15KNocturnaVLC (excepte el tram marcat en TARONJA al pl√†nol + avinguda Fran√ßa+Menorca+Joan Verdeguer üëá) @15kNocturnaVlc Estat del tr√†nsit a temps real a trav√©s de:,1003014639364530177,https://bit.ly/2rsywpj,https://pbs.twimg.com/media/DetsaiaWkAASyKb.jpg,,0,3,Twitter Web Client,11386,239,135,,11/19/2012,VALENCIA (ESPA√ëA),"Not√≠cies, esdeveniments i previsions sobre #mobilitat a la ciutat de #Val√®ncia",http://www.valencia.es/ayuntamiento/trafico.nsf/vPortadasTituloAux/Portada?opendocument&lang=1&nivel=1,,View
2/06/2018 22:30:26,@TransitValencia,Tr√°fico Valencia,(22:30h) ‚≠ïÔ∏è Tancats al #tr√†nsitVLC els carrers transverssals a l'avinguda del Port i els passos inferiors de Petxina. A punt per a la #15KNocturnaVLC @15kNocturnaVlc ! Estat del tr√†nsit a temps real a trav√©s de:,1003010975736451072,https://bit.ly/2rsywpj,,,1,4,Twitter Web Client,11386,239,135,,11/19/2012,VALENCIA (ESPA√ëA),"Not√≠cies, esdeveniments i previsions sobre #mobilitat a la ciutat de #Val√®ncia",http://www.valencia.es/ayuntamiento/trafico.nsf/vPortadasTituloAux/Portada?opendocument&lang=1&nivel=1,,View
2/06/2018 22:21:25,@TransitValencia,Tr√°fico Valencia,(22:20h) ‚≠ïÔ∏è Tancada al #tr√†nsitVLC l'avinguda d'Arag√≥‚û°Ô∏èPl. Saragossa i el Pont de l'Assut de l'Or ‚û°Ô∏è Menorca #15KNocturnaVLC @15kNocturnaVlc Estat del tr√†nsit a temps real a trav√©s de:,1003008709285511168,https://bit.ly/2rsywpj,,,0,3,Twitter Web Client,11386,239,135,,11/19/2012,VALENCIA (ESPA√ëA),"Not√≠cies, esdeveniments i previsions sobre #mobilitat a la ciutat de #Val√®ncia",http://www.valencia.es/ayuntamiento/trafico.nsf/vPortadasTituloAux/Portada?opendocument&lang=1&nivel=1,,View
2/06/2018 22:12:15,@TransitValencia,Tr√°fico Valencia,(22:10h) ‚≠ïÔ∏è Tancada al #tr√†nsitVLC l'avinguda del Port per la #15KNocturnaVLC @15kNocturnaVlc Podeu seguir l'estat del tr√†nsit a temps real a trav√©s de:,1003006401797607425,https://bit.ly/2rsywpj,https://pbs.twimg.com/media/Detk-tyWAAE1G1Y.jpg,,1,4,Twitter Web Client,11386,239,135,,11/19/2012,VALENCIA (ESPA√ëA),"Not√≠cies, esdeveniments i previsions sobre #mobilitat a la ciutat de #Val√®ncia",http://www.valencia.es/ayuntamiento/trafico.nsf/vPortadasTituloAux/Portada?opendocument&lang=1&nivel=1,,View
2/06/2018 21:59:49,@TransitValencia,Tr√°fico Valencia,(21:57h) ‚≠ïÔ∏è Tancat al #tr√†nsitVLC J.J. D√≥mine per la #15KNocturnaVLC @15kNocturnaVlc,1003003271005470721,,,,1,3,Twitter Web Client,11386,239,135,,11/19/2012,VALENCIA (ESPA√ëA),"Not√≠cies, esdeveniments i previsions sobre #mobilitat a la ciutat de #Val√®ncia",http://www.valencia.es/ayuntamiento/trafico.nsf/vPortadasTituloAux/Portada?opendocument&lang=1&nivel=1,,View
2/06/2018 19:22:35,@LGI_vlc,Ingenier√≠a Clim√°tica,"@pardodevera Ponte tapones, faltar√≠a m√°s. Y si eso, hay autobuses de la EMT. Ahora prohibir√°n hablar en tu propio taxi. Hay que ver que sociedad de mierda est√° creando este sistema podrido e interesado. Camino a la esclavitud.",1002963700842684417,,,,0,0,Twitter for Android,76,107,1,,6/15/2014,"Valencia, Espa√±a","El mundo no es c√≥mo te lo cuenta la televisi√≥n, es todo muy diferente. El sistema en el que vivimos es todo un montaje.",,,View
2/06/2018 18:05:37,@TransitValencia,Tr√°fico Valencia,"üëâ En aquests moments manifestaci√≥ en zona centre amb el seg√ºent itinerari: C/ Quart, C/ Cavallers, Pl. de la Mare de De√∫, C/ Micalet, Pl. de la Reina, C/ de la Pau, C/ Poeta Querol, C/ Barques i Pl. de l'Ajuntament. Previstos talls al tr√†nsit. Circule amb precauci√≥",1002944334680023040,,,,2,3,Twitter Web Client,11386,239,135,,11/19/2012,VALENCIA (ESPA√ëA),"Not√≠cies, esdeveniments i previsions sobre #mobilitat a la ciutat de #Val√®ncia",http://www.valencia.es/ayuntamiento/trafico.nsf/vPortadasTituloAux/Portada?opendocument&lang=1&nivel=1,,View
2/06/2018 12:53:02,@TransitValencia,Tr√°fico Valencia,"Tancat al tr√†nsit Enginyer Manuel Soto entre Pont de les Drassanes i Joan Verdeguer en ambd√≥s sentits, desviacions per via de servici",1002865671049531392,,https://pbs.twimg.com/media/Derk7uJWsAAvzKg.jpg,,0,2,Twitter Web Client,11386,239,135,,11/19/2012,VALENCIA (ESPA√ëA),"Not√≠cies, esdeveniments i previsions sobre #mobilitat a la ciutat de #Val√®ncia",http://www.valencia.es/ayuntamiento/trafico.nsf/vPortadasTituloAux/Portada?opendocument&lang=1&nivel=1,,View
2/06/2018 11:40:00,@lasprovincias,LAS PROVINCIAS,Las preguntas sobre el sueldo del abogado de la EMT crispan el consejo de administraci√≥n,1002847289575182336,http://www.lasprovincias.es/valencia-ciudad/preguntas-sobre-sueldo-20180602003245-ntvo.html,,,2,1,TweetDeck,169127,171,1803,‚úÖ,11/25/2008,"Valencia, Spain","Noticias de la Comunitat Valenciana, de Espa√±a y de √°mbito internacional WhatsApp: 626641201. Agr√©ganos y env√≠anos tu nombre. https://telegram.me/lasprovincias",http://www.lasprovincias.es,,View
1/06/2018 20:43:40,@santamariahcm,Colegio Santa Mar√≠a,"Los alumnos de 1A de PRI han disfrutado hoy de una salida en autob√∫s de la EMT al Parc Natural Rac√≥ de l‚ÄôOlla, en la Albufera. Adem√°s de conocer c√≥mo es la fauna y flora de este lugar maravilloso, han participado en un taller educativo sobre el transporte p√∫blico.",1002621718400249857,,,,0,0,Facebook,281,8,7,,11/9/2011,"Valencia, Espa√±a","Colegio Concertado de Infantil, Primaria y Secundaria.",http://www.santamariahcm.es,,View
1/06/2018 19:44:20,@raolbaletco,raolbaletco,@emtvalencia ¬øYa no se puede recargar el bonob√∫s desde la aplicaci√≥n m√≥vil? He tenido que gestionarlo desde el navegador m√≥vil,1002606789639188480,,pic.twitter.com/OTRnL2dDCn,,0,1,Twitter for Android,704,374,75,,8/22/2007,"Valencia, Spain","Living in a Green bubble, working on Transport project and learning how-to program all quantifying Energy #geoinquietos #opendata #infographics #ev #promotebike",http://raolbaletco.tumblr.com,,View
1/06/2018 19:15:00,@NachoForAn,Nacho Fortu√±o Andr√©s,"@emtvalencia @policialocalvlc @giuseppegrezzi Gracias por contestar. Pero ahora, la casualidad, me encuentro con esto. Info de @carlosnc78 en @eldiarioes",1002599407324459013,,https://pbs.twimg.com/media/Deny1wFW0AAVTOr.jpg,,0,0,Twitter for iPhone,15,87,0,,2/20/2017,Val√®ncia,,,,View
1/06/2018 15:35:17,@valenciabonita_,Valencia Bonita ¬Æ,"Ma√±ana s√°bado empieza el ¬´completo¬ª dispositivo de salvamento y socorrismo en todas las playas del t√©rmino municipal de #Valencia. Conoce todas las novedades de este a√±o, las l√≠neas de EMT, las actividades deportivas o los canales n√°uticos, en el art√≠culo",1002544113747623936,https://wp.me/p6uTWT-zxz,,,0,2,Twitter for Android,7308,4510,96,,8/9/2011,"Valencia, Espa√±a",Cuenta oficial de ValenciaBonita.es ¬Æ (Tu portal de Valencia). Hashtag #valenciabonita En Facebook: https://www.facebook.com/ValenciaBonitaOficial/,http://valenciabonita.es,,View
1/06/2018 15:25:56,@TransitValencia,Tr√°fico Valencia,"‚ö†Ô∏è‚ö†Ô∏èA les 15:55 h comen√ßa III VOLTA CICLISTA VALENCIA F√âMINAS Ara ‚≠ïÔ∏èPl. de l'Ajuntament TANCADA al tr√†nsit Itinerari: Marqu√©s de Sotelo, Guillem de Castro, Pont de les Arts, Men√©ndez Pidal, Pius XII, Corts Valencianes cap a la CV-35.",1002541760529215495,,https://pbs.twimg.com/media/Dem-YXyXcAEOnaB.jpg,,0,5,Twitter Web Client,11386,239,135,,11/19/2012,VALENCIA (ESPA√ëA),"Not√≠cies, esdeveniments i previsions sobre #mobilitat a la ciutat de #Val√®ncia",http://www.valencia.es/ayuntamiento/trafico.nsf/vPortadasTituloAux/Portada?opendocument&lang=1&nivel=1,,View
1/06/2018 15:20:00,@lasprovincias,LAS PROVINCIAS,Madrid y San Sebasti√°n anularon las c√°maras en los autobuses para multar por vulnerar la ley  Informaci√≥n de @paco__moreno,1002540266438344704,http://www.lasprovincias.es/valencia-ciudad/camaras-autobuses-emt-vulneran-ley-20180601125700-nt.html,,,3,2,TweetDeck,169127,171,1803,‚úÖ,11/25/2008,"Valencia, Spain","Noticias de la Comunitat Valenciana, de Espa√±a y de √°mbito internacional WhatsApp: 626641201. Agr√©ganos y env√≠anos tu nombre. https://telegram.me/lasprovincias",http://www.lasprovincias.es,,View
1/06/2018 13:39:35,@TransitValencia,Tr√°fico Valencia,"@sastrecilloo @15kNocturnaVlc El Puente de las Glorias Valencianas no estar√° cerrado, pero hay cortes al llegar a la altura de Pl. Espa√±a. Lo m√°s directo es coger el de Campanar. Y respecto a Primado Reig, no tendr√° problemas por Blasco Ib√°√±ez, lo √∫nico m√°s intensidad de tr√°fico posiblemente.",1002514997447135232,,,,0,1,Twitter Web Client,11386,239,135,,11/19/2012,VALENCIA (ESPA√ëA),"Not√≠cies, esdeveniments i previsions sobre #mobilitat a la ciutat de #Val√®ncia",http://www.valencia.es/ayuntamiento/trafico.nsf/vPortadasTituloAux/Portada?opendocument&lang=1&nivel=1,,View
1/06/2018 13:30:50,@TransitValencia,Tr√°fico Valencia,"Ja hi ha ganes d'anar a la platja, no? üòä Recordeu que a partir de hui comen√ßa el dispositiu d'estiu de l'@emtvalencia amb ampliaci√≥ de freq√º√®ncies i recorreguts.",1002512794573471744,https://bit.ly/2LcJKaZ,https://pbs.twimg.com/media/DemkA0_X4AEXYpS.jpg,,1,3,Twitter Web Client,11386,239,135,,11/19/2012,VALENCIA (ESPA√ëA),"Not√≠cies, esdeveniments i previsions sobre #mobilitat a la ciutat de #Val√®ncia",http://www.valencia.es/ayuntamiento/trafico.nsf/vPortadasTituloAux/Portada?opendocument&lang=1&nivel=1,,View
1/06/2018 11:20:01,@lasprovincias,LAS PROVINCIAS,Diez inspectores de la EMT (@emtvalencia) fotograf√≠an los coches mal aparcados.,1002479870939680769,http://www.lasprovincias.es/valencia-ciudad/diez-inspectores-empresa-20180531001711-ntvo.html,,,1,3,TweetDeck,169127,171,1803,‚úÖ,11/25/2008,"Valencia, Spain","Noticias de la Comunitat Valenciana, de Espa√±a y de √°mbito internacional WhatsApp: 626641201. Agr√©ganos y env√≠anos tu nombre. https://telegram.me/lasprovincias",http://www.lasprovincias.es,,View
1/06/2018 10:59:00,@LosPayasosDeVLC,OLTRA LA CATALANISTA,@vicentpons @PSOE @compromis @infoBLOC @cescroigo @monicaoltra @ViktorMedina @JovesPV @Albaenru @IngridLafita @MarianCampello Que suerte!! A ver si nos ayuda y arregla el desastre de Grezzi.,1002474582530502656,,,,0,2,Twitter for iPhone,346,207,4,,8/9/2016,"Picassent, Espa√±a","La cuatribarrada mi bandera, Catalu√±a mi naci√≥n.VALENCIANA RENEGADA (charnega)üî∂üî¥üî∂üî¥üî∂üî¥üî∂üî¥üî∂",https://youtu.be/tb96x3BiX_c,,View
1/06/2018 10:06:35,@ddelizia,Danilo Delizia,@emtvalencia m√°s de 15 minutos esperando que pase el circular n 5! me parece lamentable que se tenga que esperar tanto. Reforzar esta l√≠nea!,1002461393117904896,,,,0,1,Twitter for iPhone,112,153,22,,10/13/2010,"Valencia, Spain","#Hybris certified developer working at @Thinkwrap. #Java #SpringFramework #apachecamel expert, and #AngularJS #Docker fan.",http://ddelizia.blogspot.com,,View
1/06/2018 9:35:10,@TransitValencia,Tr√°fico Valencia,"@sastrecilloo @15kNocturnaVlc Buenos d√≠as, la mejor opci√≥n es lo siguiente: Manuel Candela‚û°Ô∏èRam√≥n Llull‚û°Ô∏èav. Naranjos‚û°Ô∏èRonda Norte (Hermanos Machado)‚û°Ô∏èAlfahuir‚û°Ô∏èPrimado Reig‚û°Ô∏èAv. Constituci√≥n‚û°Ô∏èMauro Guillem/Men√©ndez Pidal‚û°Ô∏èTirso de Molina‚û°Ô∏èPuente de Campanar‚û°Ô∏èP√©rez Gald√≥s‚û°Ô∏èGiorgeta",1002453484577415168,,,,0,1,Twitter Web Client,11386,239,135,,11/19/2012,VALENCIA (ESPA√ëA),"Not√≠cies, esdeveniments i previsions sobre #mobilitat a la ciutat de #Val√®ncia",http://www.valencia.es/ayuntamiento/trafico.nsf/vPortadasTituloAux/Portada?opendocument&lang=1&nivel=1,,View
1/06/2018 9:12:50,@TransitValencia,Tr√°fico Valencia,@Cobainvalencia @15kNocturnaVlc Disculpa: los que acceden por la V-31,1002447868085587969,,,,0,1,Twitter Web Client,11386,239,135,,11/19/2012,VALENCIA (ESPA√ëA),"Not√≠cies, esdeveniments i previsions sobre #mobilitat a la ciutat de #Val√®ncia",http://www.valencia.es/ayuntamiento/trafico.nsf/vPortadasTituloAux/Portada?opendocument&lang=1&nivel=1,,View
1/06/2018 9:04:42,@Erosa70,Rosa Primo,@AutobusesAuvaca no es la primera vez que estando el bus 9 de la EMT en la parada viene su autob√∫s por detr√°s direcci√≥n Catarroja y a toda leche adelanta al bus de la EMT pasando ol√≠mpicamente de la gente de la parada. Llaman ustedes a mi empresa para decirles porque llego tarde?,1002445819306500096,,,,0,0,Twitter for iPhone,90,199,3,,12/9/2010,"Valencia, Comunidad Valenciana",,,,View
1/06/2018 9:00:12,@TransitValencia,Tr√°fico Valencia,"@Cobainvalencia @15kNocturnaVlc El cambio de este a√±o es que la salida de la carrera empieza en Ingeniero Manuel Soto, por eso no se puede habilitar ese acceso. Lo que se recomienda para las personas que acceden desde la V30 es aparcar en el PAI de Nazaret.",1002444685003149312,,,,0,2,Twitter Web Client,11386,239,135,,11/19/2012,VALENCIA (ESPA√ëA),"Not√≠cies, esdeveniments i previsions sobre #mobilitat a la ciutat de #Val√®ncia",http://www.valencia.es/ayuntamiento/trafico.nsf/vPortadasTituloAux/Portada?opendocument&lang=1&nivel=1,,View
1/06/2018 8:30:05,@_OfficialPress,Official Press,Hoy viernes comienza el dispositivo especial de verano de la EMT ¬∑  ‚Ä¶,1002437106822778881,https://buff.ly/2IV7tzU,https://pbs.twimg.com/media/DelfPBgW0AARLcA.jpg,,0,0,Buffer,7288,5335,141,,2/21/2014,"Valencia, Espa√±a",Plataforma de creadores de contenidos. Agencia de Comunicaci√≥n. Clipping de prensa para empresas. Contacto: redaccion@agenciaop.es,http://officialpress.es,,View
1/06/2018 8:14:33,@AjuntamentVLC,Ajuntament Val√®ncia,Bon dia! Comen√ßa el dispositiu d'estiu de l'@emtvalencia amb un total d'onze l√≠nies que arriben a les nostres platges. Vols saber-ne m√©s?,1002433198545166337,http://bit.ly/2xGnLYf,https://pbs.twimg.com/media/DelbrhUW0AEPMhq.jpg,,0,8,Twitter for iPhone,14946,115,153,‚úÖ,10/7/2016,"Val√®ncia, Espanya",Canal Oficial de l'Ajuntament de Val√®ncia per a informar-te i fomentar la participaci√≥ en la nostra ciutat.,http://www.valencia.es,,View
1/06/2018 0:12:04,@gharoj,Gregorio Haro,@carloscouchoud @emtvalencia @giuseppegrezzi @joanribo Se admite n√≥mina jejeje pero es la verdad,1002311776560697345,,,,0,1,Twitter for Android,1005,2683,18,,5/27/2011,Valencia - Espa√±a,"No se trata de buscar el √©xito, sino la felicidad. A mi me hace feliz mi familia. Trabajo en coordinar Transp. P√∫blico. Siempre innovando, siempre aprendiendo.",http://es.linkedin.com/in/gregorioharo,,View
31/05/2018 23:52:24,@carloscouchoud,Carlos Couchoud,@gharoj @emtvalencia @giuseppegrezzi @joanribo Ufff como huele a n√≥mina,1002306829970558977,,,,0,1,Twitter for Android,56,110,3,,3/27/2010,Valencia,,http://carlos63ccp.blogspot.com,,View
31/05/2018 21:00:01,@lasprovincias,LAS PROVINCIAS,Diez inspectores de la EMT fotograf√≠an los coches mal aparcados,1002263446195499008,http://www.lasprovincias.es/valencia-ciudad/diez-inspectores-empresa-20180531001711-ntvo.html,,,2,1,TweetDeck,169127,171,1803,‚úÖ,11/25/2008,"Valencia, Spain","Noticias de la Comunitat Valenciana, de Espa√±a y de √°mbito internacional WhatsApp: 626641201. Agr√©ganos y env√≠anos tu nombre. https://telegram.me/lasprovincias",http://www.lasprovincias.es,,View
31/05/2018 20:47:48,@Ernestsoler86,Ernest Soler,@emtvalencia cuando son los nuevos horarios de verano de la linia 25 direccion El Palamar? Gracias,1002260373234470912,,,,0,0,Twitter for iPhone,192,126,1,,1/9/2012,El Palmar (Valencia),"Barquer d'aigua dol√ßa, ahir hui i sempre Amunt!",http://www.albuferapaseosenbarca.es,,View
31/05/2018 20:33:12,@ESdiarioCV,ESdiarioCV,Los candidatos primarios de @SomValencians se fijan en @giuseppegrezzi.  @SarayRdgz,1002256698910834688,https://www.esdiario.com/162315518/Los-candidatos-primarios-de-Som-Valencians-se-fijan-en-Giuseppe-Grezzi.html,,,0,1,Twitter Web Client,563,154,3,,8/25/2017,"Valencia, Espa√±a","Informaci√≥n, actualidad, noticias y opini√≥n de la Comunidad Valenciana. Informaci√≥n para decidir.",http://www.esdiario.com/comunidadvalenciana,,View
31/05/2018 20:17:25,@NeperMaxPower,Diego Max Power üéóÔ∏è üèäüö¥üèÉ,"@mdeltell @cabasset @policialocalvlc @giuseppegrezzi @SanGomezLopez @joanribo @AjuntamentVLC El Giuseppe Grezzi √©s molt de postureig, a banda del anell ciclista (que ja estava licitat) pr√†cticament no ha fet res m√©s per a la mobilitat sostenible. Els barris perif√®rics continuem amb el mateix problema de transport",1002252724753326082,,,,0,1,Twitter for Android,182,439,3,,7/6/2015,"Val√®ncia, Pa√≠s Valenci√†","Per los molts alts senyors reys d'Arag√≥ atorgat e confermat a la ciutat era e √©s lur propi senyal de barres grogues e vermelles, al cap subir√† sia feta corona",,,View
31/05/2018 17:53:58,@miguelgiron1975,Miguel Gir√≥n,Como es posible en la parada 1589 indique 24 minutos para el 95 !!! @emtvalencia @AjuntamentVLC #transportePublico #Fail ü§¶üèª‚Äç‚ôÇÔ∏è,1002216626685661185,,,,0,1,Twitter for iPhone,3435,1113,206,,10/14/2010,Espa√±a,"Especialista en #DigitalBusiness y estrategias publicitarias en medios de comunicaci√≥n. Socio en @Digital2G. Aficiones: #Senderismo, #Correr y #Trail.",http://www.digital2g.com,,View
31/05/2018 17:38:47,@diegoalsan,Diego,El sistema de recarga online del bonob√∫s de @emtvalencia no tiene ninguna fiabilidad. Hace dos horas que lo recargu√© y a√∫n no es efectiva la recarga.,1002212802847821830,,,,0,5,Twitter for Android,1941,2783,151,,4/21/2008,"Valencia, Espa√±a",Political activist. Director of the Open Government Chair @catedra_go PhD. Lecturer at UPV.,http://dalvarez.webs.upv.es,,View
31/05/2018 16:53:12,@escm994,ESTEFANIA  -10,"Casi todas las Lineas estaran Afectadas el Sabado RT @emtvalencia: Este dissabte tens la @15kNocturnaVlc. Tant si vas a c√≥rrer com si vas a animar, atent a les alteracions del servici i planifica el teu trajecte amb temps. Si tens qualsevol dubte, estem ac√≠ per a ajudar-te.",1002201332181274633,"https://twitter.com/emtvalencia/status/1002200246531870722 http://bit.ly/15Knocturna",https://pbs.twimg.com/media/DeiHxgBXkAEErH0.jpg,,0,0,Twitter Web Client,636,1073,5,,4/7/2015,"Valencia, Espa√±a",Dormir Comer escuchar musica ir a la Feria de Navidad ver el 24 horas de Fama a bailar y disfrutar la vida,,,View
31/05/2018 16:06:35,@giuseppegrezzi,Giuseppe Grezzi,"#FakeNews Ha circulado en los √∫ltimos d√≠as un BULO en la prensa sobre c√°maras de los nuevos autobuses EMT: no, no son para multar a los coches en carril bus. Sirven para facilitar el servicio de los conductores y en caso de accidentes. En circuito cerrado.",1002189599865700353,https://www.facebook.com/photo.php?fbid=10160332728870065&set=a.252053935064.286532.895725064&type=3&theater,https://pbs.twimg.com/media/Deh9lTuWsAAkuUp.jpg,,37,36,Twitter Web Client,9525,648,185,,5/31/2010,"Valencia, Espa√±a","Ac√≠ no em pariren,per√≥ ac√≠ estic. Itali√† de Val√®ncia. Portavoz @VerdsEquo_ en @CompromisVLC regidor de Mobilitat Sostenible de l'Ajunt.Val√®ncia",http://www.giuseppegrezzi.net,,View
31/05/2018 15:18:17,@malditoezequiel,Matoqui,"@emtvalencia S√≠ siempre lo mismo. Hay mucha gente que lo usa para ir a trabajar con los perjuicios y explicaciones correspondientesba la empresa. La mejor protesta es cojer el coche, punto.",1002177445271867392,,,,0,0,Twitter for Android,17,99,0,,2/15/2013,"Valencia, Espa√±a",,,,View
31/05/2018 15:01:41,@janthkm,Juan Garcia,"@radaresvalencia No te pierdas el pr√≥ximo capitulo de la saga ""Atascos en Valencia parte IV"" dirigida por Grezzi",1002173269674512384,,,,0,0,Twitter for Android,27,23,0,,1/15/2015,Valencia  Spain,Ingeniero T√©cnico Industrial Electr√≥nico . Ascensores,http://www.juanvalencia.es,,View
31/05/2018 14:37:30,@malditoezequiel,Matoqui,@emtvalencia @joanribo como la Lisias con la l√≠nea 99 no puede ser 20 minutos esperando sinverg√ºenzas. Pasa uno fuera de servicio en el que se bajan 15 personas y el conductor no deje subir porque viene uno detr√°s el cual a√∫n esperamos,1002167183059939328,,,,0,1,Twitter for Android,17,99,0,,2/15/2013,"Valencia, Espa√±a",,,,View
31/05/2018 13:37:44,@TransitValencia,Tr√°fico Valencia,@Juan_Patxi10711 @15kNocturnaVlc @AjuntamentVLC @policialocalvlc @FDMValencia S√≠. √önicamente comentarte que puede que la Polic√≠a Nacional coja un carril del puente de salida al haber un concierto en la Ciudad de las Artes y las Ciencias y as√≠ evitar agolpamientos de las personas. Pero salir s√≠ que se permite sin problemas.,1002152142508044288,,,,0,1,Twitter Web Client,11386,239,135,,11/19/2012,VALENCIA (ESPA√ëA),"Not√≠cies, esdeveniments i previsions sobre #mobilitat a la ciutat de #Val√®ncia",http://www.valencia.es/ayuntamiento/trafico.nsf/vPortadasTituloAux/Portada?opendocument&lang=1&nivel=1,,View
31/05/2018 13:20:49,@almujul,√Ålexxx,"@emtvalencia Hola, yo estoy esperando respuesta a un correo de ayer por la tarde sobre la EMTambtu que me dio error...",1002147886866497536,,,,0,0,Twitter Web Client,564,338,27,,11/16/2010,"Valencia, Espa√±a","Economista en paro en busca de un futuro. Me gusta la econom√≠a, la pol√≠tica, las series...",,,View
31/05/2018 13:02:11,@TransitValencia,Tr√°fico Valencia,"@Juan_Patxi10711 @15kNocturnaVlc @AjuntamentVLC @policialocalvlc @FDMValencia Hola, no habr√° problemas de salida, estar√° sobre todo cortado el Puente de entrada -excepto el acceso al C.C. Aqua-, la Polic√≠a lo contempla.",1002143196552540161,,,,0,1,Twitter Web Client,11386,239,135,,11/19/2012,VALENCIA (ESPA√ëA),"Not√≠cies, esdeveniments i previsions sobre #mobilitat a la ciutat de #Val√®ncia",http://www.valencia.es/ayuntamiento/trafico.nsf/vPortadasTituloAux/Portada?opendocument&lang=1&nivel=1,,View
31/05/2018 12:00:00,@vlcextra,Val√®ncia Extra,El divendres comen√ßa el servei d'estiu de l'EMT amb onze l√≠nies,1002127546182393856,http://valenciaextra.com/servicio-verano-emt/,,,0,0,TweetDeck,1375,511,27,,3/10/2016,"Valencia, Espa√±a",Diari digital valenci√† amb una clara aposta per la informaci√≥ audiovisual i pr√≤xima,http://www.valenciaextra.com,,View
31/05/2018 11:54:13,@MiguelGarcaVic1,Miguel Garc√≠a  Vicente,"@emtvalencia Los buses van a llevar c√°maras parece ser que para denunciar, yo debido a mi trabajo no me queda otra que ocupar bus taxi. Ahora bien, quien denunciar√° a algunos ""pisapedales"" que ten√©is?",1002126093422419968,,,,0,0,Twitter for Android,19,80,0,,11/2/2017,"Valencia, Espa√±a",,,,View
31/05/2018 10:40:06,@AireLatinoRadio,AireLatino.FM,Los #autobuses de la #EMT de #Val√®ncia incorporan c√°maras para poder multar  v√≠a @AirelatinoRadio,1002107440052277248,http://www.airelatino.fm/los-autobuses-de-la-emt-de-valencia-incorporan-camaras-para-poder-multar/,,,0,0,TweetDeck,1897,530,41,,5/7/2010,"Valencia, Espa√±a",M√°s de 14 a√±os siendo La Primera Radio Latina del FM en Espa√±a. Estamos en Valencia en los 88.5 FM. Gracias a ti somos La N√∫mero 1!,http://www.airelatino.fm,,View
31/05/2018 10:10:21,@valencia_taxi,ValenciaTaxi,Los autobuses de la EMT de Val√®ncia incorporan c√°maras para poder multar,1002099951160225792,https://www.levante-emv.com/valencia/2018/05/30/autobuses-emt-incorporan-camaras-multar/1724761.html,,,0,0,Facebook,24,9,0,,8/20/2012,"Valencia, Espa√±a",,https://www.facebook.com/pages/ValenciaTaxi/271937959581964,,View
31/05/2018 9:06:54,@GENOLANDER,GENOLANDER,,1002083984250167296,https://www.esdiario.com/782697321/Grezzi-critica-que-se-multe-por-ir-tres-en-una-bici-y-en-direccion-contraria..html,,,1,2,Twitter for Android,88,233,0,,3/21/2011,VLC,"con corazon, fe y acero.üá™üá∏",,,View
31/05/2018 8:56:39,@GENOLANDER,GENOLANDER,@radaresvalencia Es el Gran Hermano del todo poderoso Grezzi.,1002081405780799488,,,,0,0,Twitter for Android,88,233,0,,3/21/2011,VLC,"con corazon, fe y acero.üá™üá∏",,,View
31/05/2018 8:46:05,@BrunoFerTer,Bruno,"@anaismenguzzato Se√±ora, haga el favor de insistirle a su compa√±ero de corporaci√≥n, sr. Grezzi, que desde su posici√≥n de concejal lo que deber√≠a es defender o, como m√≠nimo, no atacar a los funcionarios municipales y dejar de lado sectarismos de sal√≥n.",1002078747724599296,,,,0,0,Twitter Web Client,951,1452,17,,8/2/2010,"Valencia, Espa√±a",Cuenta de tem√°tica pol√≠tica. #RegneDeVal√©ncia #RACV #Espa√±a #ValenciaCF #Venezuela,https://neupic.com/authors/bruno,,View
31/05/2018 8:46:05,@BrunoFerTer,Bruno,"@policialocalvlc Mi absoluto respaldo como ciudadano a los agentes de ese cuerpo en el ejercicio de sus funciones, incluidas las de la regulaci√≥n de la circulaci√≥n y control de la seguridad de los menores en determinados veh√≠culos como la bicicleta. #Grezzi",1002078746550075392,,,,0,0,Twitter Web Client,951,1452,17,,8/2/2010,"Valencia, Espa√±a",Cuenta de tem√°tica pol√≠tica. #RegneDeVal√©ncia #RACV #Espa√±a #ValenciaCF #Venezuela,https://neupic.com/authors/bruno,,View
31/05/2018 8:38:19,@qja1j,Jose Luis,"@emtvalencia Igual fue un error en el panel, pero llamativo era",1002076793162096640,,,,0,0,Twitter for Android,108,269,0,,8/8/2017,"Valencia, Espa√±a",Director de la revista @XLaTangente. Distinguiendo lo real de la ficci√≥n desde que tengo uso de raz√≥n. 'Quiero jugar a un juego...¬øJugar o Morir?...T√∫ decides',http://www.xlatangente.com.es,,View
31/05/2018 8:28:08,@qja1j,Jose Luis,"@emtvalencia Fue ayer sobre las 19:45 en las paradas de la calle Jes√∫s, iba en coche y mi acompa√±ante me lo dijo y pude verlo de refil√≥n y fue algo muy llamativo",1002074230299746307,,,,0,0,Twitter for Android,108,269,0,,8/8/2017,"Valencia, Espa√±a",Director de la revista @XLaTangente. Distinguiendo lo real de la ficci√≥n desde que tengo uso de raz√≥n. 'Quiero jugar a un juego...¬øJugar o Morir?...T√∫ decides',http://www.xlatangente.com.es,,View
31/05/2018 8:15:00,@vlcextra,Val√®ncia Extra,El divendres comen√ßa el servei d'estiu de l'EMT amb onze l√≠nies,1002070923124596736,http://valenciaextra.com/servicio-verano-emt/,,,0,0,TweetDeck,1375,511,27,,3/10/2016,"Valencia, Espa√±a",Diari digital valenci√† amb una clara aposta per la informaci√≥ audiovisual i pr√≤xima,http://www.valenciaextra.com,,View
31/05/2018 8:09:32,@pgarrigues81,Pablo Garrigues,"Megacontrato de 166,9 millones para la EMT de Madrid.  #concursospublicos.",1002069549968130049,http://lnkd.in/d6_K-Er,,,0,0,Twitter for iPhone,841,805,29,,3/19/2014,Valencia (Spain) ,Broker #caucion // #avales nacionales üá™üá∏ e internacionales üåé. Solo se gana cuando no se tiene miedo a perder. üéßüìàüìä,http://www.avalesconcursos.es,,View
31/05/2018 8:06:45,@Juanfeis_,Juanfeis,"Ya vuelve a llegar tarde el 93, gracias @emtvalencia",1002068849678831616,,,,0,2,Twitter for Android,257,151,4,,1/7/2012,,Gamer | Science Lover | El Psy Kongroo | Êó•Êú¨Ë™û„ÅÆÂ≠¶Áîü | Hiyajo Maho | Learning how to make better memes everyday,,,View
31/05/2018 8:01:16,@TransitValencia,Tr√°fico Valencia,"(08:00h) #tr√†nsitVLC dens üî∂en Pista de Silla en ambd√≥s sentits, avinguda del Cid d'eixida i pas inferior de Germanies‚û°Ô∏èG.V. Marqu√®s del T√∫ria",1002067466384797697,,,,0,1,Twitter Web Client,11386,239,135,,11/19/2012,VALENCIA (ESPA√ëA),"Not√≠cies, esdeveniments i previsions sobre #mobilitat a la ciutat de #Val√®ncia",http://www.valencia.es/ayuntamiento/trafico.nsf/vPortadasTituloAux/Portada?opendocument&lang=1&nivel=1,,View
31/05/2018 7:56:39,@giuseppegrezzi,Giuseppe Grezzi,"@gharoj @emtvalencia @joanribo Me alegro, Gregorio. Disfr√∫talo üëç",1002066307775455232,,,,1,2,Twitter for Android,9525,648,185,,5/31/2010,"Valencia, Espa√±a","Ac√≠ no em pariren,per√≥ ac√≠ estic. Itali√† de Val√®ncia. Portavoz @VerdsEquo_ en @CompromisVLC regidor de Mobilitat Sostenible de l'Ajunt.Val√®ncia",http://www.giuseppegrezzi.net,,View
31/05/2018 7:50:19,@gharoj,Gregorio Haro,Hoy voy en un autobus h√≠brido de @emtvalencia l√≠nea 31 y es una maravilla de confort y tranquilidad. Se puede conversar tranquilamente y relajarse durante el viaje. Un acierto. ¬°Enhorabuena! @giuseppegrezzi @joanribo,1002064712534777857,,https://pbs.twimg.com/media/DegMgmHXkAE7DA-.jpg,,1,7,Twitter for Android,1005,2683,18,,5/27/2011,Valencia - Espa√±a,"No se trata de buscar el √©xito, sino la felicidad. A mi me hace feliz mi familia. Trabajo en coordinar Transp. P√∫blico. Siempre innovando, siempre aprendiendo.",http://es.linkedin.com/in/gregorioharo,,View
31/05/2018 1:49:23,@qja1j,Jose Luis,"@Rafa82227729 @emtvalencia 30 minutos no es comparable a los 56min. De esta tarde del 9, pero todo es culpa del veh√≠culo privad",1001973881903689728,,,,0,1,Twitter for Android,108,269,0,,8/8/2017,"Valencia, Espa√±a",Director de la revista @XLaTangente. Distinguiendo lo real de la ficci√≥n desde que tengo uso de raz√≥n. 'Quiero jugar a un juego...¬øJugar o Morir?...T√∫ decides',http://www.xlatangente.com.es,,View
30/05/2018 21:00:41,@_OfficialPress,Official Press,¬øCu√°les son los horarios de verano que @emtvalencia inicia este viernes?  ‚Ä¶,1001901227729477633,https://buff.ly/2IV7tzU,https://pbs.twimg.com/media/Ded32xDUQAIvyGz.jpg,,0,0,Buffer,7288,5335,141,,2/21/2014,"Valencia, Espa√±a",Plataforma de creadores de contenidos. Agencia de Comunicaci√≥n. Clipping de prensa para empresas. Contacto: redaccion@agenciaop.es,http://officialpress.es,,View
30/05/2018 20:49:31,@ESdiarioCV,ESdiarioCV,.@giuseppegrezzi critica que se multe por ir tres en una bici y en direcci√≥n contraria  @AjuntamentVLC @policialocalvlc,1001898416669151234,https://www.esdiario.com/782697321/Grezzi-critica-que-se-multe-por-ir-tres-en-una-bici-y-en-direccion-contraria..html,,,6,2,Twitter for iPhone,563,154,3,,8/25/2017,"Valencia, Espa√±a","Informaci√≥n, actualidad, noticias y opini√≥n de la Comunidad Valenciana. Informaci√≥n para decidir.",http://www.esdiario.com/comunidadvalenciana,,View
30/05/2018 19:30:38,@_OfficialPress,Official Press,As√≠ es el dispositivo de verano que la EMT inicia este viernes ¬∑  ‚Ä¶,1001878566324310016,https://buff.ly/2IV7tzU,https://pbs.twimg.com/media/DedjPtzX4AAF_e9.jpg,,0,0,Buffer,7288,5335,141,,2/21/2014,"Valencia, Espa√±a",Plataforma de creadores de contenidos. Agencia de Comunicaci√≥n. Clipping de prensa para empresas. Contacto: redaccion@agenciaop.es,http://officialpress.es,,View
30/05/2018 18:02:24,@AidaViz,Aida Vizca√≠no,@emtvalencia Gr√†cies a vosaltres i per la vostra atenci√≥ a la ciutadania. Bona vesprada,1001856361569939456,,,,0,1,Twitter for Android,1567,1016,62,,10/28/2010,Benimaclet (Valencia),Soci√≥loga y polit√≥loga. Profesora de Ciencia Pol√≠tica en @UV_EG. #ReceptariExtraviat #ElBarriQueVamImaginar,http://about.me/aidavizcaino,,View
30/05/2018 18:01:17,@AidaViz,Aida Vizca√≠no,"@emtvalencia Disculpeu, no s√© exactament per√≤ era la pen√∫ltima abans de les vies del tram",1001856078601125888,,,,0,0,Twitter for Android,1567,1016,62,,10/28/2010,Benimaclet (Valencia),Soci√≥loga y polit√≥loga. Profesora de Ciencia Pol√≠tica en @UV_EG. #ReceptariExtraviat #ElBarriQueVamImaginar,http://about.me/aidavizcaino,,View
30/05/2018 17:26:59,@SERvalencia,Cadena SER Valencia,"AUDIO | Un acuerdo, el de las jubilaciones parciales, que la direcci√≥n de la @emtvalencia ha llevado a la agencia antifraude üöé",1001847445393833984,http://cadenaser.com/emisora/2018/05/30/radio_valencia/1527692978_279429.html,,,0,0,Twitter Web Client,18444,118,357,,10/31/2011,"Valencia, Espa√±a",Decana de la radio en la Comunitat Valenciana y la emisora m√°s escuchada.,http://www.radiovalencia.es,,View
30/05/2018 17:17:18,@ActValenciana,ActualitatValenciana,Divendres comen√ßa el dispositiu d'estiu de l'@emtvalencia amb un total d'onze l√≠nies,1001845010076176387,https://wp.me/p8a2D3-9tM,,,0,0,ActValencia,1276,2411,5,,11/20/2016,"Val√®ncia, Espanya","Tota la informaci√≥ de la teua terra la trobar√†s ac√≠, en Actualitat Valenciana",http://actualitatvalenciana.com,,View
30/05/2018 16:58:31,@manumanyes,Manuel Ma√±es Padial,@VSantafosta @levante_emv @emtvalencia la se√±al permite parar.,1001840284421025792,,,,0,0,Twitter for Android,272,553,15,,6/20/2010,"Valencia, Espa√±a",26. Ingeniero inform√°tico y pianista a ratos.,,,View
30/05/2018 16:40:44,@AidaViz,Aida Vizca√≠no,"@emtvalencia bona vesprada, aix√≤ √©s a Dolores Marqu√©s, Benimaclet",1001835808360460289,,https://pbs.twimg.com/media/Dec8UhkX4AAiMMh.jpg,,0,1,Twitter for Android,1567,1016,62,,10/28/2010,Benimaclet (Valencia),Soci√≥loga y polit√≥loga. Profesora de Ciencia Pol√≠tica en @UV_EG. #ReceptariExtraviat #ElBarriQueVamImaginar,http://about.me/aidavizcaino,,View
30/05/2018 16:30:44,@_OfficialPress,Official Press,As√≠ es el dispositivo de verano que la EMT inicia este viernes -  ‚Ä¶,1001833290175795200,https://buff.ly/2IV7tzU,https://pbs.twimg.com/media/Dec6ET2X0AAndBz.jpg,,0,0,Buffer,7288,5335,141,,2/21/2014,"Valencia, Espa√±a",Plataforma de creadores de contenidos. Agencia de Comunicaci√≥n. Clipping de prensa para empresas. Contacto: redaccion@agenciaop.es,http://officialpress.es,,View
30/05/2018 16:04:32,@ViuValencia,Viu Val√®ncia,El viernes empieza el dispositivo de verano de la EMT con un total de once l√≠neas  #Valencia #playas #verano @emtvalencia @giuseppegrezzi,1001826698365726721,http://www.viuvalencia.com/articulo/playas_EMT_verano_valencia/518999994,,,0,0,Twitter Web Client,5658,4256,168,,11/14/2012,"Val√®ncia, Comunitat Valenciana","Te acercamos todo sobre turismo, ocio, cultura y gastronom√≠a de Val√®ncia / Meet one of the best cities in the world, its gastronomy, nightlife & culture",http://viuvalencia.com/,,View
30/05/2018 15:57:53,@Teresa_Ciges,Teresa Ciges üéó,@Ygritte_Snow Si anem en bici hem de ser Els dimonis de Grezzi,1001825022955188224,,,,0,1,Twitter for iPhone,507,327,7,,6/16/2014,Val√®ncia ,Periodista. Cap de redacci√≥ de @revistasao. Tamb√© em pots llegir a @lavanguardia i al @DiariJornada i escoltar a la @977radio.,,,View