"Twitter Query: emtvalencia OR grezzi OR giussepegrezzi OR transitvalencia -filter:retweets",,,,,,,,,,,User Details,,,,,,,,,
Date,Screen Name,Full Name,Tweet Text,Tweet ID,Link(s),Media,Location,Retweets,Favorites,App,Followers,Follows,Listed,Verfied,User Since,Location,Bio,Website,Timezone,Profile Image
5/06/2018 18:28:26,@TransitValencia,Tr√°fico Valencia,Tr√†nsit normalitzat en Av. de l'Oest.,1004037237456109569,,,,0,2,Twitter Web Client,11390,238,136,,11/19/2012,VALENCIA (ESPA√ëA),"Not√≠cies, esdeveniments i previsions sobre #mobilitat a la ciutat de #Val√®ncia",http://www.valencia.es/ayuntamiento/trafico.nsf/vPortadasTituloAux/Portada?opendocument&lang=1&nivel=1,,View
5/06/2018 18:27:03,@Miguelcanetfem5,üíÆMiguel Canet Femenia,"@giuseppegrezzi @VerdsEquo_ Ahora con √Åbalos de Ministro de Fomento acordaros que en La Safor tenemos los problemas del desvio de la N-332 a su paso por Oliva, el trenet Gandia- Oliva- Denia,y la gratuidad de la AP7 en toda la CValenciana...lo estamos esperando desde hace m√°s de 20 a√±os....Gracias G.Grezzi.",1004036892722192384,,,,0,0,Twitter for Android,113,142,1,,3/12/2018,Pa√≠s Valenci√°  (Espa√±ist√°n),Un Pais donde no haga falta emigrar para poder vivir.. Me gusta la parodia y la ironia con gracia. REPUBLICANO.....¬°¬° AMUNT VALENCIA !!.,,,View
5/06/2018 17:42:10,@EbikeGranada,Enbicielectrica.com,@NoChuBrux @locodelpelorojo @giuseppegrezzi Los bidireccionales se saben m√°s peligrosos desde hace m√°s de 20 a√±os y en Copenague s√≥lo hay unidireccionales... Pero en Espa√±a somos m√°s listos que nadie hasta que pasa lo obvio,1004025594995240960,http://www.lasprovincias.es/valencia-ciudad/201704/12/grezzi-implicado-accidente-bici-20170412001541.html,,,0,0,Twitter Lite,129,113,4,,7/12/2017,,,http://www.enbicielectrica.com,,View
5/06/2018 17:26:09,@Castello_F,Fernando Castell√≥,Un Sr. conductor de @emtvalencia silbando alegremente el Aria de la Reina de la Noche. Todav√≠a hay esperanza.,1004021562641698817,,,,0,1,Twitter for iPhone,8597,416,472,‚úÖ,9/6/2009,"Valencia, Espa√±a",Economista. Analizando y simplificando.,http://www.Castello.pro,,View
5/06/2018 17:25:30,@TransitValencia,Tr√°fico Valencia,(17:24 h) üî¥Av. Tarongers des de Av. Catalunya ‚ñ∂Ô∏èRam√≥n Llull @AjuntamentVLC @emtvalencia #EBAU2018,1004021401634902016,,,,0,2,Twitter Web Client,11390,238,136,,11/19/2012,VALENCIA (ESPA√ëA),"Not√≠cies, esdeveniments i previsions sobre #mobilitat a la ciutat de #Val√®ncia",http://www.valencia.es/ayuntamiento/trafico.nsf/vPortadasTituloAux/Portada?opendocument&lang=1&nivel=1,,View
5/06/2018 16:44:25,@TransitValencia,Tr√°fico Valencia,"(16:44 h) ‚ö†Ô∏è PRECAUCI√ì: AV. DE L'OEST ‚≠ïÔ∏èTANCADA des de la Pl. Sant Agust√≠ cap al Mercat Central, per vehicle avariat #tr√†nsitVLC",1004011063212429318,,,,2,2,Twitter Web Client,11390,238,136,,11/19/2012,VALENCIA (ESPA√ëA),"Not√≠cies, esdeveniments i previsions sobre #mobilitat a la ciutat de #Val√®ncia",http://www.valencia.es/ayuntamiento/trafico.nsf/vPortadasTituloAux/Portada?opendocument&lang=1&nivel=1,,View
5/06/2018 16:15:20,@p4ssony,Alessandro Passoni üè≥Ô∏è‚Äçüåà,"@LorenzoBises Vero ma a me fa comunque sesso, lo associo ai grezzi",1004003744110071809,,,,0,4,Twitter for iPhone,2043,811,8,,2/8/2014,Somewhere in northern Italy,ma cosa mi seguite a fare???,,,View
5/06/2018 15:13:51,@aguaspop,Xavi,Fiquen a foment un ministre valenci√†. A vore si els fica les piles a @Adif_es @Renfe i @CercaniasVLC. I de pas arregla la @emtvalencia i el segon multiplex per a la @cvmc_info per a vore TV3 i Ib3.,1003988268403355650,,,,0,1,Twitter for Android,548,2107,15,,7/2/2007,Silla (Valencia) Espa√±a,"Melomano, amante del pop y el cine, y consultor de empresas",http://navegandoenaguaspop.wordpress.com,,View
5/06/2018 15:01:32,@CsValencia_C,Cs Valencia,üö¥‚Äç‚ôÄÔ∏è @NarcisoEstelles critica la dejadez de Grezzi con Valenbisi tras la constante ca√≠da de usuarios,1003985170297491457,http://www.lasprovincias.es/valencia-ciudad/ciudadanos-critica-dejadez-20180605002937-ntvo.html,https://pbs.twimg.com/media/De7fHDnXkAAofSe.jpg,,1,2,Twitter Web Client,8174,2320,101,‚úÖ,11/5/2011,Valencia,Toda la informaci√≥n del grupo municipal de üçäCiudadanos Valencia gmunicipal.valencia@ciudadanos-cs.org,http://ayuntamiento-valencia.ciudadanos-cs.org/,,View
5/06/2018 14:50:07,@emtvalencia,EMT Val√®ncia,Disfruta de les nostres platges! Puja al bus.,1003982295836000258,,https://pbs.twimg.com/media/De7ckyRVMAAE3a7.jpg,,0,1,Hootsuite Inc.,9607,854,120,‚úÖ,5/20/2013,Valencia,Perfil oficial d'EMT Val√®ncia. Informaci√≥ i consells sobre la nostra xarxa. Perfil oficial de EMT Val√®ncia. InformacioÃÅn y consejos sobre nuestra red. #InfoEMT,http://www.emtvalencia.es,,View
5/06/2018 14:37:20,@Queen_Mary_Na,Irrequieta_mente,"@pap1pap Ti amo. √à in parabola discendente e non √® professionale, quindi da scartare. Bisogna prendere giovani promettenti, ma con un‚Äôesperienza decente, non troppo grezzi o inesperti che poi in futuro ti permetterebbero plusvalenze, non trentenni bolliti che si reggono sul nome.",1003979080214118401,,,,0,0,Twitter for iPhone,211,119,4,,8/17/2012,Italy ,"Med student. I love every single form of ART. üçï addicted. Malata di calcio. L'Inter √® mia moglie, il Napoli la mia fidanzata, il Real Madrid la mia amante. üòé",http://instagram.com/lady_bohemienne,,View
5/06/2018 13:58:52,@Rosana_MV,Rosana Mart√≠nez,He vist gent santig√ºar-se abans de despegar un avi√≥... per√≤ en un bus de la @emtvalencia üò±,1003969402184916994,,,,0,0,Twitter for iPhone,158,339,6,,4/27/2011,Val√®ncia,Aparelladora i Arquitecta,http://rmvanaclocha.wordpress.com,,View
5/06/2018 13:42:44,@TransitValencia,Tr√°fico Valencia,(13:40h) ‚ö†Ô∏è PRECAUCI√ì: accident Llu√≠s Peix√≤ direcci√≥ Tarongers (a l'altura del Dip√≤sit de l' @emtvalencia ) #tr√†nsitVLC,1003965342006247424,,,,0,2,Twitter Web Client,11390,238,136,,11/19/2012,VALENCIA (ESPA√ëA),"Not√≠cies, esdeveniments i previsions sobre #mobilitat a la ciutat de #Val√®ncia",http://www.valencia.es/ayuntamiento/trafico.nsf/vPortadasTituloAux/Portada?opendocument&lang=1&nivel=1,,View
5/06/2018 13:39:35,@raulcampaner,Ra√∫l Rubio Constant,"@emtvalencia Gracias. De todas formas, ya son antiguos y puede ser que ni funcione bien.",1003964545239535618,,,,0,0,Twitter for Android,59,187,0,,3/11/2017,Valencia,"Cantant, campaner, valenci√† i valencianiste",http://mestrescampaners.com,,View
5/06/2018 13:32:08,@emtvalencia,EMT Val√®ncia,"@raulcampaner Hola, trabajamos para intentar adecuar la temperatura en el bus. Pasamos nota para que lo revisen. Un saludo.",1003962671920762881,,,,0,0,Hootsuite Inc.,9607,854,120,‚úÖ,5/20/2013,Valencia,Perfil oficial d'EMT Val√®ncia. Informaci√≥ i consells sobre la nostra xarxa. Perfil oficial de EMT Val√®ncia. InformacioÃÅn y consejos sobre nuestra red. #InfoEMT,http://www.emtvalencia.es,,View
5/06/2018 13:11:41,@raulcampaner,Ra√∫l Rubio Constant,"Ir en ka @emtvalencia en el n64 / 6203 y te asfixias de calor, ya que no tira aire frio. Revisen los aires. @AjuntamentVLC",1003957525081935874,,,,0,1,Twitter for Android,59,187,0,,3/11/2017,Valencia,"Cantant, campaner, valenci√† i valencianiste",http://mestrescampaners.com,,View
5/06/2018 12:22:20,@nachoroad,Nacho Rold√°n Adalid,"@abalosmeco A ver si se nota que es del cap i casal y como Ministro de Fomento por f√≠n tenemos en @AjuntamentVLC la Estaci√≥ Central, el t√∫nel pasante, el Corredor Mediterr√°neo y el contrato programa @emtvalencia que tantas veces se reclam√≥ en la oposici√≥n del Ayuntamiento üòÖüòÖ",1003945104992886784,,,,0,0,Twitter for Android,578,2654,14,,5/30/2011,"Val√®ncia, Pa√≠s Valenci√†","‚öìÔ∏è Level 35. Veterinari. M√†ster MUGSCA @UPV. Tan normal, que et sorprendr√†s. Tambi√©n nac√≠ en el Mediterr√°neo. Val√®ncia, Pa√≠s Valenci√† (39¬∞28‚Ä≤12‚Ä≥N, 0¬∞22‚Ä≤36‚Ä≥W)",http://www.facebook.com/nachoroad,,View
5/06/2018 12:20:09,@manumanyes,Manuel Ma√±es Padial,"Si todos esos van en el autob√∫s, en lugar de ir de pie ir√°n unos encima de otros. RT @TransitValencia: La circulaci√≥ no √©s exclusiva del tr√†nsit motoritzat, per aix√≤, des del CGT @AjuntamentVLC volem destacar la import√†ncia de fer √∫s dels mitjans de transport sostenibles per a contribuir a una Val√®ncia m√©s neta i un m√≥n amb cura pel medi ambient. #DiaInternacionaldelMediAmbient üòâ",1003944555866140672,https://twitter.com/TransitValencia/status/1003911545452138496,https://pbs.twimg.com/media/De6cJ1JX4AEJmAK.jpg,,0,0,Twitter for Android,273,553,15,,6/20/2010,"Valencia, Espa√±a",26. Ingeniero inform√°tico y pianista a ratos.,,,View
5/06/2018 12:10:08,@emtvalencia,EMT Val√®ncia,Tienes muchas opciones para conocer los cambios de √∫ltima hora.,1003942034904965126,http://www.emtvalencia.es,https://pbs.twimg.com/media/De639QgVAAAZBLE.jpg,,1,2,Hootsuite Inc.,9607,854,120,‚úÖ,5/20/2013,Valencia,Perfil oficial d'EMT Val√®ncia. Informaci√≥ i consells sobre la nostra xarxa. Perfil oficial de EMT Val√®ncia. InformacioÃÅn y consejos sobre nuestra red. #InfoEMT,http://www.emtvalencia.es,,View
5/06/2018 11:10:05,@emtvalencia,EMT Val√®ncia,Treballem per a tu.,1003926922517245952,,https://pbs.twimg.com/media/De6qNyiX4AALIlb.jpg,,0,1,Hootsuite Inc.,9607,854,120,‚úÖ,5/20/2013,Valencia,Perfil oficial d'EMT Val√®ncia. Informaci√≥ i consells sobre la nostra xarxa. Perfil oficial de EMT Val√®ncia. InformacioÃÅn y consejos sobre nuestra red. #InfoEMT,http://www.emtvalencia.es,,View
5/06/2018 10:54:35,@estelapeyla,peyla üè≥Ô∏è‚Äçüåà,@merimerime ay grezzi,1003923024695963648,,,,0,0,Twitter for iPhone,233,549,6,,8/5/2015,"Valencia, Espa√±a","Ingenier√≠a Inform√°tica. Soy responsable de lo que yo digo, no de lo que t√∫ entiendas.‚ôÄ",,,View
5/06/2018 10:26:57,@greenpridekay,K. Ross ‚òòÔ∏è,"A vore si en compte d‚Äôanar tot el mon fet una puta bola poseu un bus doble a la l√≠nia 99, que es UNA VERGONYA que tinguen que passar 2 seguits complets per davant de la meua cara tots els dies a migdia RT @TransitValencia: La circulaci√≥ no √©s exclusiva del tr√†nsit motoritzat, per aix√≤, des del CGT @AjuntamentVLC volem destacar la import√†ncia de fer √∫s dels mitjans de transport sostenibles per a contribuir a una Val√®ncia m√©s neta i un m√≥n amb cura pel medi ambient. #DiaInternacionaldelMediAmbient üòâ",1003916070170832896,https://twitter.com/TransitValencia/status/1003911545452138496,https://pbs.twimg.com/media/De6cJ1JX4AEJmAK.jpg,,0,0,TweetDeck,75,129,0,,8/31/2016,Celtic Nation,"üèÄ Celtics ‚òòÔ∏è / Llevant UE ‚≠ïüî¥ / Baskonia üèÄ / Steelers üèà / Tigers ‚öæ / Red Wings üèí. Tambi√©n sport betting, pero esa es otra historia...",,,View
5/06/2018 10:21:38,@_josebe_,Jos√© ‚í∑‚í∫,√âs festiu i jo sense assabentar-me @emtvalencia,1003914730740822016,,https://pbs.twimg.com/media/De6fHj_W0AEuJ_z.jpg,,0,1,Twitter for Android,355,924,5,,4/27/2010,Republica Cabanyalera,"Ac√≠ fique el que em passa pel cap, que no sempre √©s pol√≠ticament correcte. Parlant en valenci√† des de 1997",,,View
5/06/2018 10:15:55,@plataformas_Lev,Plataformas Levante¬Æ,"Gracias al @AjuntamentVLC y @TransitValencia por facilitarnos el trabajo el pasado domingo y permitirnos cortar la C/ Pizarro de #Valencia, nuestros clientes quedaron muy satisfechos!! üòâüëç  Sistemas de elevaci√≥n por fachada üîù",1003913291725492224,http://PlataformasLevante.com,https://pbs.twimg.com/media/De6dzTcXkAAaEYe.jpg,,0,0,Twitter for Android,53,97,2,,6/3/2016,"Valencia, Espa√±a",Sistemas de elevaci√≥n por fachada de todo tipo de materiales y mobiliario | Elevaciones hasta 30 metros de altura | Servicios para profesionales y particulares,http://www.plataformaslevante.com,,View
5/06/2018 10:08:58,@TransitValencia,Tr√°fico Valencia,"La circulaci√≥ no √©s exclusiva del tr√†nsit motoritzat, per aix√≤, des del CGT @AjuntamentVLC volem destacar la import√†ncia de fer √∫s dels mitjans de transport sostenibles per a contribuir a una Val√®ncia m√©s neta i un m√≥n amb cura pel medi ambient. #DiaInternacionaldelMediAmbient üòâ",1003911545452138496,,https://pbs.twimg.com/media/De6cJ1JX4AEJmAK.jpg,,1,4,Twitter Web Client,11390,238,136,,11/19/2012,VALENCIA (ESPA√ëA),"Not√≠cies, esdeveniments i previsions sobre #mobilitat a la ciutat de #Val√®ncia",http://www.valencia.es/ayuntamiento/trafico.nsf/vPortadasTituloAux/Portada?opendocument&lang=1&nivel=1,,View
5/06/2018 10:05:05,@emtvalencia,EMT Val√®ncia,#InfoEMT: Tu millores cada trajecte.,1003910565314605057,,https://pbs.twimg.com/media/De6bVgsVQAAzBFn.jpg,,0,0,Hootsuite Inc.,9607,854,120,‚úÖ,5/20/2013,Valencia,Perfil oficial d'EMT Val√®ncia. Informaci√≥ i consells sobre la nostra xarxa. Perfil oficial de EMT Val√®ncia. InformacioÃÅn y consejos sobre nuestra red. #InfoEMT,http://www.emtvalencia.es,,View
5/06/2018 9:58:33,@miquelgv,Miquel,@emtvalencia @Larec84 Gr√†cies,1003908923643060224,,,,0,0,Twitter for Android,163,447,4,,1/27/2010,"Valencia, Espa√±a",Me gusta valorar cosas,,,View
5/06/2018 9:50:12,@emtvalencia,EMT Val√®ncia,"@Larec84 @miquelgv Hola, passem av√≠s intern perqu√® ho revissen. Salutacions.",1003906821491494917,,,,0,0,Hootsuite Inc.,9607,854,120,‚úÖ,5/20/2013,Valencia,Perfil oficial d'EMT Val√®ncia. Informaci√≥ i consells sobre la nostra xarxa. Perfil oficial de EMT Val√®ncia. InformacioÃÅn y consejos sobre nuestra red. #InfoEMT,http://www.emtvalencia.es,,View
5/06/2018 9:27:52,@Larec84,Larec,El 63 acaba de canviar de 4 a 15 min. @emtvalencia per favor necessitem confiar en els horaris. Qu√® fem???,1003901199249235969,,,,0,1,Twitter for iPhone,378,287,14,,9/8/2011,,Profe de nutrici√≥ pol√≠ticament activa,,,View
5/06/2018 9:23:37,@miquelgv,Miquel,"Lamentable el funcionament de la linia 63 de @emtvalencia, no passa a les hores marcades, tampoc amb la frenq√º√®ncia de pas que indica, cap coordinaci√≥ amb l'app. No √©s q√ºesti√≥ d'un dia.",1003900130146254848,,,,0,1,Twitter for Android,163,447,4,,1/27/2010,"Valencia, Espa√±a",Me gusta valorar cosas,,,View
5/06/2018 9:09:10,@TransitValencia,Tr√°fico Valencia,"(09:00h) #tr√†nsitVLC üî∂Accessos per Cid, Corts Valencianes, Tres Forques i Sant Vicent; Mestre Rodrigo‚û°Ô∏èP√©rez Gald√≥s; Pius XII‚û°Ô∏èFerran el Cat√≤lic; Peris i Valero-Ausi√†s March d'eixida; Pista de Silla 2 sentits; Jacinto Benavente‚û°Ô∏ècentre ciutat (‚ö†Ô∏èüöß) i Tarongers ( #EBAU)",1003896495416987649,,,,0,2,Twitter Web Client,11390,238,136,,11/19/2012,VALENCIA (ESPA√ëA),"Not√≠cies, esdeveniments i previsions sobre #mobilitat a la ciutat de #Val√®ncia",http://www.valencia.es/ayuntamiento/trafico.nsf/vPortadasTituloAux/Portada?opendocument&lang=1&nivel=1,,View
5/06/2018 8:52:03,@emtvalencia,EMT Val√®ncia,"@booksftwinter Buenos d√≠as, en junio han cambiado los horarios y la frecuencia de paso de la l√≠nea 63 es de 22/23 minutos. Saludos.",1003892185249566720,,,,0,0,Hootsuite Inc.,9607,854,120,‚úÖ,5/20/2013,Valencia,Perfil oficial d'EMT Val√®ncia. Informaci√≥ i consells sobre la nostra xarxa. Perfil oficial de EMT Val√®ncia. InformacioÃÅn y consejos sobre nuestra red. #InfoEMT,http://www.emtvalencia.es,,View
5/06/2018 8:41:08,@ELCEPAS,surrender üá©üá™üá©üá™üá©üá™üá©üá™,"Lo nunca visto, conductor de l√≠nea 25 @emtvalencia con inspector al lado hablando, parada solocitada en Pinedo y se la saltan. Bajan a los pasajeros en mitad de la carretera. @AjuntamentVLC @joanribo",1003889439872036864,,,,0,0,Twitter for iPhone,718,1508,9,,6/26/2012,–ú–æ—Å–∫–≤–∞,"‚ÄúCada cual se tasa libremente en alto o bajo precio y nadie vale si no lo que se hace valer, t√°sate pues como libre o como esclavo, esto depende de ti.‚Äù",,,View
5/06/2018 8:39:14,@MariaCarras7,Maria Carrascosa,"Hoy toca transporte p√∫blico @emtvalencia üí™üèªüí™üèª #5Jnuestrod√≠a RT @DGTes: ¬øQu√© mejor forma de celebrar el #DiaMundialDelMedioAmbiente que utilizando los medios de transporte m√°s ecol√≥gicos? A pie üö∂‚Äç‚ôÄÔ∏è, en bicicleta üö¥‚Äç‚ôÄÔ∏è o en #TransporteP√∫blico üöÜüöç #Mu√©veteconConciencia y cuida tu entorno üå≤üå≥üåç #DMMA2018 #WED2018",1003888962325372928,https://twitter.com/dgtes/status/1003888411500011520,https://pbs.twimg.com/media/De6HMGBVMAAYpI1.jpg,,0,0,Twitter for iPhone,355,683,38,,7/13/2012,Donde me lleve la corriente,Ambient√≥loga que quiere y desea EDUCAR AMBIENTALMENTE. Amante de la naturaleza que intenta disfrutar de la vida,http://ambientalinfok.blogspot.com.es/,,View
5/06/2018 8:36:20,@TransitValencia,Tr√°fico Valencia,De dimarts 5/06 a dijous 7/06 proves d‚Äôacc√®s a la Universitat. S‚Äôesperen majors despla√ßaments i intensitat circulat√≤ria en els accessos a la @UPV i el Campus dels Tarongers. Preveniu despla√ßaments! I molt d'√†nim als estudiants üòâ @AjuntamentVLC @emtvalencia #EBAU2018 #EBAU,1003888230742274048,,https://pbs.twimg.com/media/De6G6u9XUAEojkc.jpg,,0,2,Twitter Web Client,11390,238,136,,11/19/2012,VALENCIA (ESPA√ëA),"Not√≠cies, esdeveniments i previsions sobre #mobilitat a la ciutat de #Val√®ncia",http://www.valencia.es/ayuntamiento/trafico.nsf/vPortadasTituloAux/Portada?opendocument&lang=1&nivel=1,,View
5/06/2018 8:32:44,@TransitValencia,Tr√°fico Valencia,"(08:30h) #tr√†nsitVLC dens üî∂en Tres Creus‚û°Ô∏èavinguda del Cid, Pista de Silla en ambd√≥s sentits, Ausi√†s March i Antonio Ferrandis d'eixida, P√©rez Gald√≥s‚û°Ô∏èGiorgeta Jacinto Benavente‚û°Ô∏ècentre ciutat (‚ö†Ô∏èüöß) i Tarongers‚û°Ô∏èRam√≥n Llull (‚ö†Ô∏è #EBAU2018 )",1003887326534172677,,,,0,2,Twitter Web Client,11390,238,136,,11/19/2012,VALENCIA (ESPA√ëA),"Not√≠cies, esdeveniments i previsions sobre #mobilitat a la ciutat de #Val√®ncia",http://www.valencia.es/ayuntamiento/trafico.nsf/vPortadasTituloAux/Portada?opendocument&lang=1&nivel=1,,View
5/06/2018 8:23:56,@booksftwinter,jen scofield,"Qu√© hab√©is hecho con el bus 63 con parada en la estaci√≥n del Norte?? Antes pasaba cada diez min, ahora cada media hora?? Siendo un autob√∫s que por la ma√±ana es usado un 90% por estudiantes? @emtvalencia",1003885112700887040,,,,0,1,Twitter for iPhone,1569,990,27,,12/21/2012,Hogwarts,"Whatever you do in life will be insignificant, but it's very important that you do it, because nobody else will.",,,View
5/06/2018 8:03:10,@TransitValencia,Tr√°fico Valencia,"(08:00h) Bon dia, a esta hora #tr√†nsitVLC dens üî∂en avinguda del Cid d'entrada, Pista de Silla en ambd√≥s sentits, Ausi√†s March i Antonio Ferrandis d'eixida i P√©rez Gald√≥s‚û°Ô∏èGiorgeta.",1003879886753280002,,,,0,4,Twitter Web Client,11390,238,136,,11/19/2012,VALENCIA (ESPA√ëA),"Not√≠cies, esdeveniments i previsions sobre #mobilitat a la ciutat de #Val√®ncia",http://www.valencia.es/ayuntamiento/trafico.nsf/vPortadasTituloAux/Portada?opendocument&lang=1&nivel=1,,View
5/06/2018 0:09:56,@karlosfernan,Karlos,@lasprovincias Y los q llegan aguardan el sem√°foro montando la romer√≠a ! Menuda mierda de Grezzi-solution!,1003760792888643584,,,,0,0,Twitter for iPhone,60,27,0,,7/14/2014,Valencia (Spain),,,,View
4/06/2018 21:31:03,@_josebe_,Jos√© ‚í∑‚í∫,"Ya hemos llegado al momento en el que el @CanalBUSSI de @emtvalencia solo muestra cabeceras y solo una noticia, es decir, en minuto y medio se ventila todo",1003720809620365315,,,,0,0,Twitter for Android,355,924,5,,4/27/2010,Republica Cabanyalera,"Ac√≠ fique el que em passa pel cap, que no sempre √©s pol√≠ticament correcte. Parlant en valenci√† des de 1997",,,View
4/06/2018 20:14:38,@emtvalencia,EMT Val√®ncia,"@16MCGlez Hola, el conductor se debe parar en las paradas para dejar o recoger viajeros que lo soliciten con suficiente antelaci√≥n. Un saludo.",1003701578417819648,,,,0,0,Hootsuite Inc.,9607,854,120,‚úÖ,5/20/2013,Valencia,Perfil oficial d'EMT Val√®ncia. Informaci√≥ i consells sobre la nostra xarxa. Perfil oficial de EMT Val√®ncia. InformacioÃÅn y consejos sobre nuestra red. #InfoEMT,http://www.emtvalencia.es,,View
4/06/2018 19:42:36,@16MCGlez,MCarmen Gonz√°lez,"Ese momento en que te bajas del bus (93) porque ves que tu trasbordo va detr√°s (98), pero este le adelanta mientras bajamos sin hacer la parada. Jurar√≠a que eso no se puede hacer, no @emtvalencia ?",1003693516390793218,,,,0,0,Twitter for Android,273,498,15,,2/24/2011,Valencia,"Periodista y gu√≠a de turismo. Antes hablaba de Actualidad, ahora de Historia. De vinos y Lugares Divinos en 5barricas.es",http://www.5barricas.es,,View
4/06/2018 18:02:15,@adjudicacionTIC,AdjudicacionesTIC,"#Licitaci√≥n @emtvalencia por 650.000‚Ç¨ para Contrataci√≥n de sistema integral de gesti√≥n de #N√≥minas y #RRHH. An√°lisis, dise√±o, parametrizaci√≥n, desarrollo, pruebas, migraci√≥n de informaci√≥n, implantaci√≥n, soporte y mant. @adjudicacionTIC Registro gratis",1003668259793666051,http://ww.adjudicacionestic.com,https://pbs.twimg.com/media/De2-yRtX0AAIIc1.jpg,,0,0,Twitter Web Client,2014,1592,63,,2/25/2013,Espa√±a,Firma independiente de an√°lisis y #consultor√≠a dedicada a la #informaci√≥n y asesoramiento de empresas #TIC en su relaci√≥n con las Administraciones P√∫blicas.,http://www.adjudicacionestic.com,,View
4/06/2018 15:50:06,@emtvalencia,EMT Val√®ncia,Disfruta amb bus de les nostres platges:,1003635004784762880,http://emtvalencia.info/platges2018/,https://pbs.twimg.com/media/De2gtqrU0AAMQWm.jpg,,0,1,Hootsuite Inc.,9607,854,120,‚úÖ,5/20/2013,Valencia,Perfil oficial d'EMT Val√®ncia. Informaci√≥ i consells sobre la nostra xarxa. Perfil oficial de EMT Val√®ncia. InformacioÃÅn y consejos sobre nuestra red. #InfoEMT,http://www.emtvalencia.es,,View
4/06/2018 15:36:04,@TransitValencia,Tr√°fico Valencia,‚ö†Ô∏èüößEsta nit treballs de manteniment en el pas inferior de Fira de Mostres.,1003631472799047680,,,,1,2,Twitter Web Client,11390,238,136,,11/19/2012,VALENCIA (ESPA√ëA),"Not√≠cies, esdeveniments i previsions sobre #mobilitat a la ciutat de #Val√®ncia",http://www.valencia.es/ayuntamiento/trafico.nsf/vPortadasTituloAux/Portada?opendocument&lang=1&nivel=1,,View
4/06/2018 15:21:54,@nachoroad,Nacho Rold√°n Adalid,@giuseppegrezzi Ac√≠ fins la imatge del bus 6212 @emtvalencia es un fake ü§îüòÖüòÑ RT @giuseppegrezzi: La #fakenews de las c√°maras de la EMT  v√≠a @vlcextra,1003627908131323909,"https://twitter.com/giuseppegrezzi/status/1003616255037853696 http://valenciaextra.com/es/camaras-seguridad-autobuses-emt/",,,0,1,Twitter Web Client,578,2654,14,,5/30/2011,"Val√®ncia, Pa√≠s Valenci√†","‚öìÔ∏è Level 35. Veterinari. M√†ster MUGSCA @UPV. Tan normal, que et sorprendr√†s. Tambi√©n nac√≠ en el Mediterr√°neo. Val√®ncia, Pa√≠s Valenci√† (39¬∞28‚Ä≤12‚Ä≥N, 0¬∞22‚Ä≤36‚Ä≥W)",http://www.facebook.com/nachoroad,,View
4/06/2018 15:15:07,@emtvalencia,EMT Val√®ncia,Recarrega amb temps. ü§ó,1003626202886823936,,https://pbs.twimg.com/media/De2YtW-VMAEtzaI.jpg,,0,1,Hootsuite Inc.,9607,854,120,‚úÖ,5/20/2013,Valencia,Perfil oficial d'EMT Val√®ncia. Informaci√≥ i consells sobre la nostra xarxa. Perfil oficial de EMT Val√®ncia. InformacioÃÅn y consejos sobre nuestra red. #InfoEMT,http://www.emtvalencia.es,,View
4/06/2018 13:51:57,@irenuxxaa,pocholina,No se que deja m√°s que desear si el servicio de EMT o la educaci√≥n de la mayor√≠a de sus autobuseros. ü§∑üèª‚Äç‚ôÄÔ∏è #emtvalencia @generalitat,1003605271124631552,,,,1,4,Twitter for iPhone,569,408,0,,8/15/2011,Del Sud. ROCKORDIE,"Ni Selina Kyle se imagin√≥ lo que ser√≠a capaz de hacer esta felina por un buen pescao'. Polifac√©tica,pol√©mica y poligonera. ROCKORDIE.",http://ipoolparties.com/,,View
4/06/2018 13:41:04,@MiguelGarcaVic1,Miguel Garc√≠a  Vicente,"@emtvalencia Como les dije a tus compa√±eros no busco ni dinero, ni notoriedad, solo una disculpa a mi mujer, y sobre todo a mi hija. Es mas, ni siquiera quiero se le aplique medida sancionadora alguna. Solo una disculpa. Gracias por atenderme.",1003602533187801089,,,,0,1,Twitter for Android,21,85,0,,11/2/2017,"Valencia, Espa√±a",,,,View
4/06/2018 13:40:39,@emtvalencia,EMT Val√®ncia,"@Clogope Hola, vamos a revisar lo que nos indicas. Un saludo",1003602426014945280,,,,0,0,Hootsuite Inc.,9607,854,120,‚úÖ,5/20/2013,Valencia,Perfil oficial d'EMT Val√®ncia. Informaci√≥ i consells sobre la nostra xarxa. Perfil oficial de EMT Val√®ncia. InformacioÃÅn y consejos sobre nuestra red. #InfoEMT,http://www.emtvalencia.es,,View
4/06/2018 13:29:44,@emtvalencia,EMT Val√®ncia,"@MiguelGarcaVic1 Hola Miguel, hemos consultado la referencia de la incidencia que nos env√≠as. Como ya te comentamos en su d√≠a, se tramit√≥ tu escrito al √°rea correspondiente para adoptar la medidas oportunas. Un saludo",1003599678620004352,,,,0,0,Hootsuite Inc.,9607,854,120,‚úÖ,5/20/2013,Valencia,Perfil oficial d'EMT Val√®ncia. Informaci√≥ i consells sobre la nostra xarxa. Perfil oficial de EMT Val√®ncia. InformacioÃÅn y consejos sobre nuestra red. #InfoEMT,http://www.emtvalencia.es,,View
4/06/2018 13:14:31,@MiguelGarcaVic1,Miguel Garc√≠a  Vicente,@emtvalencia AFS REF 6499.Gracias.,1003595851997032448,,,,0,0,Twitter for Android,21,85,0,,11/2/2017,"Valencia, Espa√±a",,,,View
4/06/2018 13:10:05,@Clogope,Clogope,Otra aver√≠a @emtvalencia ...,1003594736836534272,,https://pbs.twimg.com/media/De18FqTW4AIfmR7.jpg,,0,1,Twitter for iPhone,75,61,1,,2/19/2012,,,,,View
4/06/2018 13:04:55,@emtvalencia,EMT Val√®ncia,@MiguelGarcaVic1 Hola Miguel. No nos ubicamos con este tweet y nos gustar√≠a poder ayudarte. P√°sanos tu m√≥vil y te llamamos para saber m√°s y poder gestionar tu problema. Un saludo.,1003593433292902400,,,,0,0,Hootsuite Inc.,9607,854,120,‚úÖ,5/20/2013,Valencia,Perfil oficial d'EMT Val√®ncia. Informaci√≥ i consells sobre la nostra xarxa. Perfil oficial de EMT Val√®ncia. InformacioÃÅn y consejos sobre nuestra red. #InfoEMT,http://www.emtvalencia.es,,View
4/06/2018 12:55:03,@_josebe_,Jos√© ‚í∑‚í∫,"@emtvalencia Decidle al grafista lo de todos los a√±os, la playa del Cabanyal no es la de la Malva-Rosa, por lo del cartel de las estivales que TODOS LOS A√ëOS PONEIS LA PLAYA MAL",1003590952987103233,,,,0,1,Twitter Web Client,355,924,5,,4/27/2010,Republica Cabanyalera,"Ac√≠ fique el que em passa pel cap, que no sempre √©s pol√≠ticament correcte. Parlant en valenci√† des de 1997",,,View
4/06/2018 12:47:19,@MiguelGarcaVic1,Miguel Garc√≠a  Vicente,"@emtvalencia Lo lamento por los grandes profesionales que hay entre vosotros, y si sab√©is jugar en las grandes ligas, yo tambi√©n.",1003589004888039424,,,,0,0,Twitter for Android,21,85,0,,11/2/2017,"Valencia, Espa√±a",,,,View
4/06/2018 12:45:47,@MiguelGarcaVic1,Miguel Garc√≠a  Vicente,"@emtvalencia Solo quer√≠a por cortes√≠a profesional, me ayudar√≠as a que un compa√±ero que pudo hacerle mucho da√±o a mi mujer e hija, se disculpara, veo que no os importa, bien, no esper√©is un √°pice de cortes√≠a por mi parte hacia vosotros.",1003588619720970240,,,,0,0,Twitter for Android,21,85,0,,11/2/2017,"Valencia, Espa√±a",,,,View
4/06/2018 12:27:07,@vruperez,Vicente Rup√©rez,Exitazo de grezzi!!! @CompromisVLC @AjuntamentVLC RT @lasprovincias: .@valenbisi_es pierde abonados por cuarto mes consecutivo y apenas supera los 44.000,1003583921416822784,"https://twitter.com/lasprovincias/status/1003536832502456320 http://www.lasprovincias.es/valencia-ciudad/valenbisi-pierde-abonados-20180604004059-ntvo.html",,,0,1,Twitter for iPhone,726,1172,18,,5/3/2010,Valencia,Fotografiando emociones que ma√±ana seran irrepetibles!,http://www.facebook.com/vruperez,,View
4/06/2018 12:21:02,@_Andrea_Ricca,Andrea Ricca,"@emtvalencia RT @_Andrea_Ricca: Sci-Fi & Horror Short Films Compilation- 30 million views on YouTube &amp; int'l reviews. (Starburst, Scream Mag, Gorezone, Dread Central, Famous Monsters...) Watch them all for free now  #scifi #horror #fantasy #VFX",1003582390072160256,"https://twitter.com/_Andrea_Ricca/status/1003580805892001792 http://www.andrearicca.it",https://pbs.twimg.com/media/De1vXT-WsAAXt7g.jpg,,0,0,Twitter Web Client,5734,1956,53,,2/2/2017,,"Sociologist. Sci-Fi, Fantasy & Horror Movies Director. 30 million views on YouTube and int'l reviews (Starburst, Famous Monster, Gorezone, DreadCentral, SFX UK)",http://www.andrearicca.it,,View
4/06/2018 11:43:33,@CompromisVLC,COMPROM√çS Val√®ncia,.@isalozanovlc: a partir de hui 140 espais publicitaris de la ciutat (mupis) donaran difusi√≥ a la campanya i un autobus de @emtvalencia tamb√© la passejar√† per tota #Val√®ncia,1003572956717568001,,https://pbs.twimg.com/media/De1oPwuW4AA7rF3.jpg,,1,4,Twitter for Android,25223,4947,294,‚úÖ,5/11/2010,Ciutat de Val√®ncia,"@joanribo encap√ßala el Comprom√≠s per Val√®ncia del valencianisme progressista, l'esquerra moderna i l'ecologisme.",http://compromispervalencia.org,,View
4/06/2018 11:17:58,@emtvalencia,EMT Val√®ncia,@emegezeta Agradecemos tu comentario acerca de nuestra conductora. Seguimos trabajando para mejorar en todos los aspectos de nuestro servicio. Saludos y feliz d√≠a!,1003566518712627200,,,,0,0,Hootsuite Inc.,9607,854,120,‚úÖ,5/20/2013,Valencia,Perfil oficial d'EMT Val√®ncia. Informaci√≥ i consells sobre la nostra xarxa. Perfil oficial de EMT Val√®ncia. InformacioÃÅn y consejos sobre nuestra red. #InfoEMT,http://www.emtvalencia.es,,View
4/06/2018 11:10:22,@emegezeta,emegezeta,"@emtvalencia El usuario no tiene porqu√© consultar la web cada vez que coge el bus; en todo caso consulta la app para m√≥vil que ofrec√≠a una info err√≥nea. Y no suelo criticar porque si, de hecho acabo de alabar la actitud de uno de vuestros conductores RT @emegezeta: He vuelto a coincidir en la l√≠nea 89 de EMT con la conductora que, con una sonrisa de oreja a oreja, saluda uno a uno a todos los viajeros. Son esas cositas que a uno le alegran el d√≠a. @emtvalencia",1003564607301193729,https://twitter.com/emegezeta/status/1003562427546562560?s=19,,,0,0,Twitter for Android,94,81,11,,8/11/2010,,,http://macwinuxuarios.blogspot.com/,,View
4/06/2018 11:01:42,@emegezeta,emegezeta,"He vuelto a coincidir en la l√≠nea 89 de EMT con la conductora que, con una sonrisa de oreja a oreja, saluda uno a uno a todos los viajeros. Son esas cositas que a uno le alegran el d√≠a. @emtvalencia",1003562427546562560,,,,0,0,Twitter for Android,94,81,11,,8/11/2010,,,http://macwinuxuarios.blogspot.com/,,View
4/06/2018 10:35:23,@Ondafallera,Pepe Herrero,"GREZZI. La concejal de Ciudadanos Maria Dolores Jimenez Diaz afea a Grezzi que critique en las redes sociales a la Polic√≠a Local nuevamente y pide una disculpa rog√°ndole que sea serio y que recuerde que ahora es concejal, que ahora no est√° en la...",1003555802311950336,https://www.facebook.com/pepe.herrero.12/videos/1468188026621020/,,,3,3,Facebook,3095,1604,48,,5/19/2011,,Realzando los valores aut√©nticos valencianos. // MEDIOS DE COMUNICACI√ìN. //,http://blognuestrasfallas.blogspot.com,,View
4/06/2018 10:31:34,@emtvalencia,EMT Val√®ncia,Pensat per als menuts de cada casa.,1003554843338952704,http://www.emtvalencia.es,https://pbs.twimg.com/media/De1XvTEWAAApQa7.jpg,,0,1,Twitter Web Client,9607,854,120,‚úÖ,5/20/2013,Valencia,Perfil oficial d'EMT Val√®ncia. Informaci√≥ i consells sobre la nostra xarxa. Perfil oficial de EMT Val√®ncia. InformacioÃÅn y consejos sobre nuestra red. #InfoEMT,http://www.emtvalencia.es,,View
4/06/2018 10:17:56,@emtvalencia,EMT Val√®ncia,"@phede_ Hola, trabajamos para mantener una frecuencia regular pero la l√≠nea ha tenido una aver√≠a afectando a los horarios programados. Disculpa la espera.",1003551413610442752,,,,0,0,Hootsuite Inc.,9607,854,120,‚úÖ,5/20/2013,Valencia,Perfil oficial d'EMT Val√®ncia. Informaci√≥ i consells sobre la nostra xarxa. Perfil oficial de EMT Val√®ncia. InformacioÃÅn y consejos sobre nuestra red. #InfoEMT,http://www.emtvalencia.es,,View
4/06/2018 10:15:24,@MRElectrique,MR Electrique,"""Comprom√≠s, el proyecto pol√≠tico, seg√∫n Grezzi, m√°s importante que ha surgido en Espa√±a en la √∫ltima d√©cada"" Viva el italiano de la bicicleta üòò",1003550775090515970,,,,0,8,Twitter Web Client,2380,1178,45,,2/1/2011,Viol√®ncia,Abans tenia una vida sexual; ara tinc un compte de Twitter.,,,View
4/06/2018 10:11:28,@emtvalencia,EMT Val√®ncia,"@Clogope Hola, ha habido una aver√≠a en un bus afectando a la programaci√≥n de la l√≠nea . Disculpa por la espera y gracias por comentarnos. Un saludo.",1003549784999907330,,,,0,0,Hootsuite Inc.,9607,854,120,‚úÖ,5/20/2013,Valencia,Perfil oficial d'EMT Val√®ncia. Informaci√≥ i consells sobre la nostra xarxa. Perfil oficial de EMT Val√®ncia. InformacioÃÅn y consejos sobre nuestra red. #InfoEMT,http://www.emtvalencia.es,,View
4/06/2018 10:06:01,@BlasEscribano,Blasete Escribano,"@emtvalencia @Valencia @MADRID ¬øSeguro que estaba toda la ciudad cortada? Por donde estuvimos esperando el bus y alrededores, en teor√≠a no pasaba la carrera, y si en el recorrido del bus pasaba por alg√∫n tramo, lo normal es que el bus haga una ruta alternativa, se hace as√≠ en Madrid y otras ciudades.",1003548413273755649,,,,0,0,Twitter for Android,70,73,0,,10/27/2011,"Madrid, Comunidad de Madrid",Maestro para la Consejer√≠a de Educaci√≥n,,,View
4/06/2018 10:04:51,@emtvalencia,EMT Val√®ncia,"@Ariadnamarquss Hola, nos consta una incidencia en la l√≠nea afectando a la frecuencia programada. Estamos trabajando para normalizar el servicio. Sentimos las molestias.",1003548118389022720,,,,0,1,Hootsuite Inc.,9607,854,120,‚úÖ,5/20/2013,Valencia,Perfil oficial d'EMT Val√®ncia. Informaci√≥ i consells sobre la nostra xarxa. Perfil oficial de EMT Val√®ncia. InformacioÃÅn y consejos sobre nuestra red. #InfoEMT,http://www.emtvalencia.es,,View
4/06/2018 9:59:27,@emtvalencia,EMT Val√®ncia,"@sgalberto Hola, intentem que els nostres autobusos circulen amb una temperatura adequada a cada moment, lamentem que hages sentit calor. Salutacions",1003546762420916224,,,,0,0,Hootsuite Inc.,9607,854,120,‚úÖ,5/20/2013,Valencia,Perfil oficial d'EMT Val√®ncia. Informaci√≥ i consells sobre la nostra xarxa. Perfil oficial de EMT Val√®ncia. InformacioÃÅn y consejos sobre nuestra red. #InfoEMT,http://www.emtvalencia.es,,View
4/06/2018 9:56:11,@emtvalencia,EMT Val√®ncia,"@Bego_v Hola, lamentamos tu comentario del servicio que prestamos. Nuestro objetivo es trabajar para adecuar la oferta a la demanda de cada l√≠nea y cada √°rea de la ciudad. Seguimos trabajando para mejorar. Un saludo",1003545938940649472,,,,0,1,Hootsuite Inc.,9607,854,120,‚úÖ,5/20/2013,Valencia,Perfil oficial d'EMT Val√®ncia. Informaci√≥ i consells sobre la nostra xarxa. Perfil oficial de EMT Val√®ncia. InformacioÃÅn y consejos sobre nuestra red. #InfoEMT,http://www.emtvalencia.es,,View
4/06/2018 9:54:08,@emtvalencia,EMT Val√®ncia,"@sangranota Hola, trabajamos para ofreceros el mejor servicio siempre. Apuntamos tu comentario para mejorar. Un saludo.",1003545422563069953,,,,0,0,Hootsuite Inc.,9607,854,120,‚úÖ,5/20/2013,Valencia,Perfil oficial d'EMT Val√®ncia. Informaci√≥ i consells sobre la nostra xarxa. Perfil oficial de EMT Val√®ncia. InformacioÃÅn y consejos sobre nuestra red. #InfoEMT,http://www.emtvalencia.es,,View
4/06/2018 9:53:27,@ValenciaEscucha,#ValenciaEscucha,Otro √©xito m√°s de Grezzi... menos mal que est√° apostando por la bicicleta... RT @lasprovincias: .@valenbisi_es pierde abonados por cuarto mes consecutivo y apenas supera los 44.000,1003545251670315009,"https://twitter.com/lasprovincias/status/1003536832502456320 http://www.lasprovincias.es/valencia-ciudad/valenbisi-pierde-abonados-20180604004059-ntvo.html",,,31,22,Twitter for iPhone,1787,795,23,,11/11/2016,"Valencia, Espa√±a","Si @joanribo no te escucha, nosotros s√≠. Recogemos todas las denuncias de #Valencia porque queremos una ciudad mejor para vivir. ¬°Manda la tuya!",,,View
4/06/2018 9:41:23,@nandosaldi,Fernando Salda√±a,"@Esteve1982La @giuseppegrezzi @metrovalencia @GVAhabitatge Grezzi porque es de la Conseller√≠a. La Conseller√≠a porque es de el Ministerio. El Ministerio lo que diga Montoro. Montoro lo que diga Rajoy. Rajoy no est√° ni se le espera. Y al final el transporte que funciona, el de los vascos.",1003542214994288642,,,,0,0,Twitter for Android,335,686,12,,8/30/2011,Valencia,"Estos son mis principios, si no le gustan tengo otros! #patieslavida #avervenido",,,View
4/06/2018 9:41:19,@emtvalencia,EMT Val√®ncia,"@BlasEscribano @Valencia @MADRID Hola, trabajamos para adecuar la oferta a la demanda de cada l√≠nea pero el s√°bado por carrera nocturna algunas l√≠neas modificaron recorrido afectando al servicio. Toda la info de los actos que afectan al servicio en web  apartado ""√∫ltima hora"".Saludos",1003542198531567616,http://www.emtvalencia.es,,,0,1,Hootsuite Inc.,9607,854,120,‚úÖ,5/20/2013,Valencia,Perfil oficial d'EMT Val√®ncia. Informaci√≥ i consells sobre la nostra xarxa. Perfil oficial de EMT Val√®ncia. InformacioÃÅn y consejos sobre nuestra red. #InfoEMT,http://www.emtvalencia.es,,View
4/06/2018 9:37:29,@phede_,Phede,Madre m√≠a el conductor del bus que @emtvalencia ha mandado... Conforme baje del bus en Valencia voy a besar el suelo... Peor no se puede conducir @AjuntamentVLC @joanribo,1003541232545656832,,pic.twitter.com/BuZEJLHDMD,,0,0,Twitter for Android,824,713,17,,2/18/2010,Valencia,La ignorancia es la noche de la mente: pero una noche sin luna y sin estrellas,,,View
4/06/2018 9:32:09,@TransitValencia,Tr√°fico Valencia,"(09:30h) #tr√†nsitVLC dens üî∂en avinguda del Cid en ambd√≥s sentits, Corts Valencianes i Pista de Silla d'entrada, els accessos a Pla√ßa d'Espanya per la G.V.Ferran el Cat√≤lic i St Francesc de Borja, i Comte de Tr√©nor.",1003539889382723584,,,,0,2,Twitter Web Client,11390,238,136,,11/19/2012,VALENCIA (ESPA√ëA),"Not√≠cies, esdeveniments i previsions sobre #mobilitat a la ciutat de #Val√®ncia",http://www.valencia.es/ayuntamiento/trafico.nsf/vPortadasTituloAux/Portada?opendocument&lang=1&nivel=1,,View
4/06/2018 9:27:34,@emtvalencia,EMT Val√®ncia,"@MARIA_VLC_82 Hola, por carrera 15K Nocturna las l√≠neas modificaron recorrido. Recuerda que puedes ver toda la informaci√≥n disponible de los actos del fin de semana que pueden afectar al servicio de las l√≠neas en nuestra web  apartado ""√∫ltima hora"". Un saludo",1003538739120009216,http://emtvalencia.es,,,0,0,Hootsuite Inc.,9607,854,120,‚úÖ,5/20/2013,Valencia,Perfil oficial d'EMT Val√®ncia. Informaci√≥ i consells sobre la nostra xarxa. Perfil oficial de EMT Val√®ncia. InformacioÃÅn y consejos sobre nuestra red. #InfoEMT,http://www.emtvalencia.es,,View
4/06/2018 9:19:36,@_BienGracias,Cristina Serrano,"@emtvalencia Hola, hoy he estado esperando el 63 desde las 8:43 hasta las 9:16... Una broma pesada para un bus de linea. ¬øMe podeis decir por favor el horario de junio del 63 para que me ria un rato? Gracias",1003536731675746304,,,,0,1,Twitter for iPhone,1093,679,51,,6/23/2012,,Pastora Urbana ¬∑ Atleta Moral,http://yobiengracias.com,,View
4/06/2018 9:18:35,@emtvalencia,EMT Val√®ncia,"@emegezeta Hola, por 15K Nocturna algunas l√≠neas se vieron afectadas. Recuerda que puedes ver toda la informaci√≥n disponible de los actos del fin de semana que pueden afectar al servicio de las l√≠neas en nuestra web  apartado ""√∫ltima hora"". Un saludo",1003536477043740672,http://www.emtvalencia.es,,,0,0,Hootsuite Inc.,9607,854,120,‚úÖ,5/20/2013,Valencia,Perfil oficial d'EMT Val√®ncia. Informaci√≥ i consells sobre la nostra xarxa. Perfil oficial de EMT Val√®ncia. InformacioÃÅn y consejos sobre nuestra red. #InfoEMT,http://www.emtvalencia.es,,View
4/06/2018 9:15:59,@phede_,Phede,Ah y gracias por hacerme llegar tarde al trabajo @joanribo @AjuntamentVLC @emtvalencia,1003535821042061312,,,,0,1,Twitter for Android,824,713,17,,2/18/2010,Valencia,La ignorancia es la noche de la mente: pero una noche sin luna y sin estrellas,,,View
4/06/2018 9:15:18,@phede_,Phede,Comenzamos con los horarios de verano de la l√≠nea 25 de @emtvalencia ... Comenzamos mal el bus de las 9:10 no ha aparecido y seg√∫n vuestra app hasta el siguiente nada... Aqu√≠ ten√©is en la primera parada a 10 personas tiradas esperando el bus de las 9:10. @AjuntamentVLC @joanribo,1003535648329031680,,,,0,1,Twitter for Android,824,713,17,,2/18/2010,Valencia,La ignorancia es la noche de la mente: pero una noche sin luna y sin estrellas,,,View
4/06/2018 9:13:32,@ELCEPAS,surrender üá©üá™üá©üá™üá©üá™üá©üá™,@giuseppegrezzi @nandosaldi @metrovalencia @GVAhabitatge Pero eres responsable de la nefasta @emtvalencia. Hoy no han salido dos autobuses linea 25 direcci√≥n Palmar y Perellonet (7:50 y 8:15). Es una verg√ºenza que esto pase en la tercera ciudad de Espa√±a. Como siempre ni te dignaras a contestar.,1003535204403830786,,,,0,1,Twitter for iPhone,718,1508,9,,6/26/2012,–ú–æ—Å–∫–≤–∞,"‚ÄúCada cual se tasa libremente en alto o bajo precio y nadie vale si no lo que se hace valer, t√°sate pues como libre o como esclavo, esto depende de ti.‚Äù",,,View
4/06/2018 9:11:56,@TransitValencia,Tr√°fico Valencia,(09:11h) ‚ö†Ô∏è PRECAUCI√ì: accident al carril dret d'avinguda del Cid d'eixida #tr√†nsitVLC,1003534805018009600,,,,0,1,Twitter Web Client,11390,238,136,,11/19/2012,VALENCIA (ESPA√ëA),"Not√≠cies, esdeveniments i previsions sobre #mobilitat a la ciutat de #Val√®ncia",http://www.valencia.es/ayuntamiento/trafico.nsf/vPortadasTituloAux/Portada?opendocument&lang=1&nivel=1,,View
4/06/2018 9:07:13,@emtvalencia,EMT Val√®ncia,"@CoffeeTime_YT Buenos d√≠as, gracias por tu atento comentario. Trasladamos tu felicitaci√≥n internamente. Disfruta del d√≠a!",1003533616109051905,,,,0,1,Hootsuite Inc.,9607,854,120,‚úÖ,5/20/2013,Valencia,Perfil oficial d'EMT Val√®ncia. Informaci√≥ i consells sobre la nostra xarxa. Perfil oficial de EMT Val√®ncia. InformacioÃÅn y consejos sobre nuestra red. #InfoEMT,http://www.emtvalencia.es,,View
4/06/2018 9:05:39,@emtvalencia,EMT Val√®ncia,"@ferrantorba Hola, amb les dades facilitades passem av√≠s per a revisar el que ens comentes. Una salutaci√≥",1003533220586115072,,,,0,0,Hootsuite Inc.,9607,854,120,‚úÖ,5/20/2013,Valencia,Perfil oficial d'EMT Val√®ncia. Informaci√≥ i consells sobre la nostra xarxa. Perfil oficial de EMT Val√®ncia. InformacioÃÅn y consejos sobre nuestra red. #InfoEMT,http://www.emtvalencia.es,,View
4/06/2018 9:05:31,@TransitValencia,Tr√°fico Valencia,"(09:00h) #tr√†nsitVLC dens üî∂en Pista de Silla i avinguda del Cid en ambd√≥s sentits, l'eix Pius XII-G.V.Ferran el Cat√≤lic-Pl. d'Espanya, Ausi√†s March i Antonio Ferrandis d'eixida i Comte de Tr√©nor.",1003533189632155653,,,,0,2,Twitter Web Client,11390,238,136,,11/19/2012,VALENCIA (ESPA√ëA),"Not√≠cies, esdeveniments i previsions sobre #mobilitat a la ciutat de #Val√®ncia",http://www.valencia.es/ayuntamiento/trafico.nsf/vPortadasTituloAux/Portada?opendocument&lang=1&nivel=1,,View
4/06/2018 8:57:23,@progresia,Progresia,@TransitValencia Acab√°is antes diciendo todo colapsado. Gracias @giuseppegrezzi,1003531141591326720,,,,0,0,Twitter for iPhone,1,29,0,,4/6/2014,"New York, NY",Liberal in search of the truth.,,,View
4/06/2018 8:54:45,@ELCEPAS,surrender üá©üá™üá©üá™üá©üá™üá©üá™,"Otra vez el bus de @emtvalencia n√∫mero 25 no realiza el recorrido. @AjuntamentVLC no ten√©is verg√ºenza, una hora esperando en la parada. Otra denuncia m√°s, nos vemos en los tribunales. @joanribo",1003530479319085057,,,,0,0,Twitter for iPhone,718,1508,9,,6/26/2012,–ú–æ—Å–∫–≤–∞,"‚ÄúCada cual se tasa libremente en alto o bajo precio y nadie vale si no lo que se hace valer, t√°sate pues como libre o como esclavo, esto depende de ti.‚Äù",,,View
4/06/2018 8:53:28,@Clogope,Clogope,"Y empezamos el d√≠a con la l√≥gica aplastante de @emtvalencia, pasan cada 17-20 min o uno tras de otro ,esto no cuenta como mejorar el servicio... #mascompromisoconlosclientes #mascoherencia",1003530154201833472,,https://pbs.twimg.com/media/De1BWc0W0AACySm.jpg,,0,1,Twitter for iPhone,75,61,1,,2/19/2012,,,,,View
4/06/2018 8:42:02,@Ariadnamarquss,Salvatore,Gracias @emtvalencia por poner un 90 cada mil a√±os en hora punta para que cuando llegue este COMPLETO ‚úãüèª,1003527276867309569,,,,0,1,Twitter for iPhone,473,549,7,,6/14/2011,Espa√±a,perdido en la realidad de lo que s√© que no suceder√°.' // Vampire diaries // One Direction // Spencer Kane,https://Instagram.com/ariadnamp13,,View
4/06/2018 8:34:11,@TransitValencia,Tr√°fico Valencia,"(08:30h) #tr√†nsitVLC dens üî∂en Pista de Silla i avinguda del Cid en ambd√≥s sentits, Ronda Nord i Ausi√†s March d'eixida, pas inferior de Germanies en ambd√≥s sentits i Pius XII‚û°Ô∏èGran Via Ferran el Cat√≤lic.",1003525301022920705,,,,0,1,Twitter Web Client,11390,238,136,,11/19/2012,VALENCIA (ESPA√ëA),"Not√≠cies, esdeveniments i previsions sobre #mobilitat a la ciutat de #Val√®ncia",http://www.valencia.es/ayuntamiento/trafico.nsf/vPortadasTituloAux/Portada?opendocument&lang=1&nivel=1,,View
4/06/2018 8:16:00,@vlcextra,Val√®ncia Extra,La fake news de les c√†meres de l'EMT @emtvalencia #FakeNews,1003520726215741441,http://valenciaextra.com/camaras-seguridad-autobuses-emt/,https://pbs.twimg.com/media/Dey74z-WsAEOsKN.jpg,,0,0,TweetDeck,1377,512,27,,3/10/2016,"Valencia, Espa√±a",Diari digital valenci√† amb una clara aposta per la informaci√≥ audiovisual i pr√≤xima,http://www.valenciaextra.com,,View
4/06/2018 8:02:30,@TransitValencia,Tr√°fico Valencia,"(08:00h) Bon dia, a esta hora #tr√†nsitVLC dens üî∂en Pista de Silla i avinguda del Cid en ambd√≥s sentits, Ronda Nord d'eixida i els accessos a la ciutat per avinguda del Cid i Sant Vicent.",1003517331522408454,,,,3,4,Twitter Web Client,11390,238,136,,11/19/2012,VALENCIA (ESPA√ëA),"Not√≠cies, esdeveniments i previsions sobre #mobilitat a la ciutat de #Val√®ncia",http://www.valencia.es/ayuntamiento/trafico.nsf/vPortadasTituloAux/Portada?opendocument&lang=1&nivel=1,,View
4/06/2018 8:00:47,@sgalberto,Alberto Sancho,"Quan s√≥n les 8 del mat√≠ i ja has suat m√©s que en tot el dia anterior. @emtvalencia, ac√≠, l‚Äôaire condicionat no √©s un luxe.",1003516899685265409,,pic.twitter.com/9ae9n9Hz8D,,0,2,Twitter for iPhone,1754,1698,74,,8/13/2008,D'Alzira. A Val√®ncia,Gesti√≥ i comunicaci√≥ cultural. I was born desficioset.,,,View
4/06/2018 5:57:13,@NuBTrader,Melanie Nevill,@emtvalencia @itsjankaaa know thetruth of it.,1003485801592885248,,,,0,0,Twitter Web Client,13,79,0,,10/15/2009,,live cam with me believing him so unprincipled http://hooklovese.info/NuBTraderX2,,,View
3/06/2018 23:41:23,@meterfalen,Ah√≠L'hasDa'o,"@parecidosrazona Este es un parecido para habitantes de la ciudad de Valencia... Grezzi (concejal de movilidad o inmovilidad, como si en algunos) y Joaqu√≠n Reyes (humorista). #Valencia",1003391221283336194,,https://pbs.twimg.com/media/DezC_khWsAMLrW9.jpg,,0,0,Twitter for Android,15,35,0,,10/25/2014,,,,,View
3/06/2018 23:14:17,@uncle_charlieee,Alexx.,"@stanzaselvaggia Che sia mia concittadino o meno, mi dissocio totalmente da questi atteggiamenti grezzi e soprattutto dal turpiloquio. Opinioni contrastanti o meno, la civilt√† per molti √® utopia.",1003384400233549824,,,,0,4,Twitter for iPhone,139,362,0,,1/27/2011,Napoli (nel cuore),"Napoletano, Napolista e Maradoniano.",,,View
3/06/2018 22:05:04,@VintageVybe,Vintage Vybe,"Reposting @lacasamoderna_official: [Vintage]‚ÜôÔ∏è Vintage e stile nordico possono somigliarsi a volte. La differenza sta nell'utilizzo di materiali pi√π grezzi e colorazioni pi√π scure, soprattuto del legno che rimane comunque un componente principale di questo stile, senza",1003366981905584130,,https://pbs.twimg.com/media/Deys88VW0AUX_eP.jpg,,0,0,Crowdfire - Go Big,13499,9784,1056,,9/22/2015,"Atlanta, Ga ","Vintage Lover, Wife and Mother! Hey, That Rhymes! üòúüòùüòÅ#etsy #etsyseller",http://www.etsy.com/shop/vintagevybe,,View