"Twitter Query: valenbisi OR valenbici near:39.4699075,-0.3762881000000107,15mi -filter:retweets",,,,,,,,,,,User Details,,,,,,,,,
Date,Screen Name,Full Name,Tweet Text,Tweet ID,Link(s),Media,Location,Retweets,Favorites,App,Followers,Follows,Listed,Verfied,User Since,Location,Bio,Website,Timezone,Profile Image
26.05.2018 22:00:34,@Ken43Block_,Nico Lewandowski‚Ñ¢,"@mixyourmedicine Normal, no tienes valenbisi üôÑüòÇ",1003738523898433537,,,,0,1,Twitter for Android,85,598,0,,9/3/2010,"Valencia, Espa√±a",#EchteLiebeüíõ,,,View
27.05.2018 4:06:51,@Ken43Block_,Nico Lewandowski‚Ñ¢,"@mixyourmedicine Pues va, c√°mbiate que bajo, donde te recojo con mi flamante valenbisi? jajajajajajajajajaj",1003728768777768961,,,,0,1,Twitter for Android,85,598,0,,9/3/2010,"Valencia, Espa√±a",#EchteLiebeüíõ,,,View
27.05.2018 4:06:51,@valentia1238,Antonio Val√©ncia,@lasprovincias @Joanenric67Joan @valenbisi_es Interesante...,1003691023644745728,,,,0,1,Twitter for Android,615,1029,15,,10/23/2016,"Valencia, Espa√±a","Valenciano, mi manera de ser y de estar. Porque ya sabes, aqu√≠, en el viejo Reino de Valencia, desde siempre, Som Valencians.",,,View
28.05.2018 19:06:18,@valenbisi_es,fomenta la bici,"@lasprovincias Pod√≠ais indagar el contrato a largo plazo que tiene firmado @JCDecaux_ESP con @AjuntamentVLC si tiene cl√°usulas ante la p√©rdida de competitividad ;) La evoluci√≥n natural de @ValenbisiOfi sin mostrar novedades es que deje paso a otras opciones m√°s ligeras,a otras m√°s innovadoras..",1003580526375120896,,,,0,2,Twitter for Android,1708,289,80,,9/19/2010,"Valencia, Spain","Cuenta no oficial del servicio de bicis de la ciudad de Valencia, Valenbisi. Fomento del uso de la bicicleta #transportepublico #bici Info: valenbisi@gmail.com",,,View
28.05.2018 19:06:18,@lasprovincias,LAS PROVINCIAS,.@valenbisi_es pierde abonados por cuarto mes consecutivo y apenas supera los 44.000,1003536832502456320,http://www.lasprovincias.es/valencia-ciudad/valenbisi-pierde-abonados-20180604004059-ntvo.html,,,6,3,TweetDeck,169105,171,1802,‚úÖ,11/25/2008,"Valencia, Spain","Noticias de la Comunitat Valenciana, de Espa√±a y de √°mbito internacional WhatsApp: 626641201. Agr√©ganos y env√≠anos tu nombre. https://telegram.me/lasprovincias",http://www.lasprovincias.es,,View
28.05.2018 19:06:18,@Carla_Esteban_,Carla Esteban del √Ålamo,Valenbisi pierde abonados por cuarto mes consecutivo y apenas supera los 44.000,1003408117659512832,https://ift.tt/2J85HeT,,,0,0,IFTTT,174,501,0,,12/5/2017,"Valencia, Espa√±a",Abogada,,,View
28.05.2018 19:37:51,@valenbisi_es,fomenta la bici,@Willy_Sanz_ Nosotros en Val√®ncia nos preguntamos si en unos meses permiten ir a patinetes el√©ctricos por los viales de bici con la cantidad de baches que hay se van a hartar a pagar reclamaciones de accidentes. ¬øParches que sirven para coches y motos pero no para bicis y otros veh√≠culos?,1003393718362234881,,,,0,1,Twitter for Android,1708,289,80,,9/19/2010,"Valencia, Spain","Cuenta no oficial del servicio de bicis de la ciudad de Valencia, Valenbisi. Fomento del uso de la bicicleta #transportepublico #bici Info: valenbisi@gmail.com",,,View
28.05.2018 19:37:51,@valenbisi_es,fomenta la bici,"Buenas noticias desde @AytoAlfafar üòÑ Si conoc√©is buenas noticias del √°rea metropolitana y cercanas a Val√®ncia para ampliar las v√≠as ciclables compartirlo con nosotros, ¬°gracias! RT @RedCiudadesBici: Alfafar: El proyecto del carril bici obtiene subvenci√≥n europea",1003374611520741377,"https://twitter.com/RedCiudadesBici/status/1003310094317228032
http://www.ciudadesporlabicicleta.org/2018/05/08/alfafar-el-proyecto-del-carril-bici-obtiene-subvencion-europea/?utm_source=ReviveOldPost&utm_medium=social&utm_campaign=ReviveOldPost",,,1,1,Twitter for Android,1708,289,80,,9/19/2010,"Valencia, Spain","Cuenta no oficial del servicio de bicis de la ciudad de Valencia, Valenbisi. Fomento del uso de la bicicleta #transportepublico #bici Info: valenbisi@gmail.com",,,View
28.05.2018 19:37:51,@valenbisi_es,fomenta la bici,Pasaron las tormentas y vuelve el buen tiempo al menos hasta mediados de semana. ¬°A disfrutar pedaleando de la ciudad! Buena semana üòâüèñÔ∏èüåÉüö≤ RT @AEMET_CValencia: 03/05 19:15 #AEMET informa de que ya no hay avisos vigentes en C. Valenciana,1003373821678809089,"https://twitter.com/AEMET_CValencia/status/1003354497094123521
http://infotweet.aemet.es/tu77.html?1528053309",,,0,0,Twitter for Android,1708,289,80,,9/19/2010,"Valencia, Spain","Cuenta no oficial del servicio de bicis de la ciudad de Valencia, Valenbisi. Fomento del uso de la bicicleta #transportepublico #bici Info: valenbisi@gmail.com",,,View
28.05.2018 19:37:51,@pacoguillem,Francesc Guillem,@valenbisi_es @emtvalencia @metrovalencia S'ha quedat un dia preci√≥s per anar en bici,1003294484120133632,,https://pbs.twimg.com/media/Dexq8jMWsAE-pd9.jpg,,1,2,Twitter for Android,236,298,16,,6/21/2010,Massalfassar,Ciclista urb√† del sud emigrat al nord. Enamorat de les paraules. M'agrada c√≥rrer i fer de viquipedista.,,,View
28.05.2018 20:02:33,@valenbisi_es,fomenta la bici,De nou en la ciutat. Deixa la Valenbisi en una #EVB si no ho has fet ja i canvia a @emtvalencia @metrovalencia taxi.... Bon dia i a gaudir de la pluja amb tota una agenda d'activitats que hi ha a Val√®ncia!,1003138157091676160,,,,0,0,Twitter Web Client,1708,289,80,,9/19/2010,"Valencia, Spain","Cuenta no oficial del servicio de bicis de la ciudad de Valencia, Valenbisi. Fomento del uso de la bicicleta #transportepublico #bici Info: valenbisi@gmail.com",,,View
28.05.2018 20:02:33,@valenbisi_es,fomenta la bici,A estas horas pocos biciclista pedalean por la ciudad pero por precauci√≥n si has cogido la bici para y espera a que no sea tan intensa la tormenta. Elegir @emtvalencia en su servicio nocturno y @metrovalencia en.. una hora... El tema de alternativa lo dejamos al taxi :),1003119151819390977,,,,0,1,Twitter for Android,1708,289,80,,9/19/2010,"Valencia, Spain","Cuenta no oficial del servicio de bicis de la ciudad de Valencia, Valenbisi. Fomento del uso de la bicicleta #transportepublico #bici Info: valenbisi@gmail.com",,,View
28.05.2018 20:02:33,@valenbisi_es,fomenta la bici,"@taxivoltereta @joanribo @policialocalvlc @ciclismoafondo @ValenbisiOfi @VlcMobilitat ¬øCursillos para biciclistas, conductores que pasaron su carnet hace a√±os y no logran recordar que es eso de urbanidad, conductores de servicios p√∫blicos, transportistas y peatones? Ante actos inc√≠vicos hay muchos implicados en la ciudad...",1003117637046546433,,,,0,0,Twitter for Android,1708,289,80,,9/19/2010,"Valencia, Spain","Cuenta no oficial del servicio de bicis de la ciudad de Valencia, Valenbisi. Fomento del uso de la bicicleta #transportepublico #bici Info: valenbisi@gmail.com",,,View
28.05.2018 20:02:33,@valenbisi_es,fomenta la bici,@giuseppegrezzi On pot consultar la ciutadania el nou Pla de Seguretat Vi√†ria?¬øUn enlla√ß al document o una web? @anaismenguzzato La contra r√®plica cas per cas mencionada tamb√© es pot consultar o √©s un di√†leg a 2 bandes perque es seguixen sense entendre?,1002566341973479424,,pic.twitter.com/Woj4NCXZ2j,,0,0,Twitter Web Client,1708,289,80,,9/19/2010,"Valencia, Spain","Cuenta no oficial del servicio de bicis de la ciudad de Valencia, Valenbisi. Fomento del uso de la bicicleta #transportepublico #bici Info: valenbisi@gmail.com",,,View
01.06.2018 13:11:08,@valenbisi_es,fomenta la bici,"Ahir al #PleVal√®ncia es va parlar de mobilitat, infraestructures i molt m√©s temes interessants. M√©s info  per poder vore-ho en diferit RT @AjuntamentVLC: Ja est√† disponible l‚Äôemissi√≥ completa del #PleVal√®ncia de hui ‚ÜóÔ∏è",1002565066691104769,"http://canal.gva.es/#./portal/orgs/dsp_orgs.cfm
https://twitter.com/AjuntamentVLC/status/1002214976659091456
http://bit.ly/2sAz0M3",https://pbs.twimg.com/media/DeiVNLWW0AMfj58.jpg,,0,0,Twitter Web Client,1708,289,80,,9/19/2010,"Valencia, Spain","Cuenta no oficial del servicio de bicis de la ciudad de Valencia, Valenbisi. Fomento del uso de la bicicleta #transportepublico #bici Info: valenbisi@gmail.com",,,View
01.06.2018 13:11:08,@valenbisi_es,fomenta la bici,@taxivoltereta @joanribo @policialocalvlc @ciclismoafondo Un punto interesante en las Estaciones Valenbisi ser√≠a si al elegir un idioma que no sea espa√±ol / valenciano y/o a los nuevos turistas de corta duraci√≥n les apareciera consignas de seguridad y educaci√≥n vial antes de desbloquear las bornetas @ValenbisiOfi @VlcMobilitat,1002515617436532737,,pic.twitter.com/OByE4GvOrJ,,1,0,Twitter Web Client,1708,289,80,,9/19/2010,"Valencia, Spain","Cuenta no oficial del servicio de bicis de la ciudad de Valencia, Valenbisi. Fomento del uso de la bicicleta #transportepublico #bici Info: valenbisi@gmail.com",,,View
01.06.2018 13:11:08,@valenbisi_es,fomenta la bici,Llega el fin de semana y se esperan... tormentas!  ¬øAcertar√°n las predicciones @AEMET_CValencia ? Llevad el chubasquero y algo de muda por si os pilla una tromba moment√°nea. Paciencia y siempre pensad en vuestra seguridad y en la de los dem√°s. Gracias! RT @AEMET_CValencia: 01/06 09:54 #AEMET adelanta #avisos por lluvias en C. Valenciana. Activos pasado ma√±ana. Nivel m√°x amarillo +info HAGA CLICK EN LA IMAGEN o,1002514614360444928,"http://www.aemet.es/es/eltiempo/prediccion/municipios/valencia-id46250
https://twitter.com/AEMET_CValencia/status/1002488633801273344
http://www.aemet.es/es/eltiempo/prediccion/avisos?w=pmna&k=val
http://infotweet.aemet.es/tu77.html?1527846872",,,0,0,Twitter Web Client,1708,289,80,,9/19/2010,"Valencia, Spain","Cuenta no oficial del servicio de bicis de la ciudad de Valencia, Valenbisi. Fomento del uso de la bicicleta #transportepublico #bici Info: valenbisi@gmail.com",,,View
01.06.2018 13:11:08,@valenbisi_es,fomenta la bici,@taxivoltereta @joanribo @policialocalvlc @ciclismoafondo Sabemos que en tiendas como en @DOYOUBIKE @TodobiciVLC les informan aunque al ser extranjeros y turistas ven que la @policialocalvlc no les va a multar porque no se gestionan las multas o al no saber el idioma no quieren perder el tiempo. En otras ciudades/pa√≠ses no es problema,1002509586413309952,,,,0,0,Twitter Web Client,1708,289,80,,9/19/2010,"Valencia, Spain","Cuenta no oficial del servicio de bicis de la ciudad de Valencia, Valenbisi. Fomento del uso de la bicicleta #transportepublico #bici Info: valenbisi@gmail.com",,,View
01.06.2018 13:18:05,@valenbisi_es,fomenta la bici,"Viendo que se acerca la temporada alta y las multitudes que se generan en ciertas calles, buena reflexi√≥n de @valenciaenbici que urge solucionar Calle Alicante  ¬øsi un ciclista va con ella en la mano no caben bien m√°s peatones ¬øsoluciones @VlcMobilitat?",1002507837652783104,https://www.facebook.com/valenciaenbici/posts/1670977492986039,,,0,0,Twitter Web Client,1708,289,80,,9/19/2010,"Valencia, Spain","Cuenta no oficial del servicio de bicis de la ciudad de Valencia, Valenbisi. Fomento del uso de la bicicleta #transportepublico #bici Info: valenbisi@gmail.com",,,View
01.06.2018 13:18:05,@valenbisi_es,fomenta la bici,D√≠a que acaba con lluvia y se multiplican los veh√≠culos privados en la ciudad. ¬øUnas gotas y ya denotamos cada ciudadano la dependencia del coche privado que tenemos?¬øNo pensamos en @emtvalencia @metrovalencia? ¬øEs grave Doctor?,1001161820747583488,,,,0,0,Twitter Web Client,1708,289,80,,9/19/2010,"Valencia, Spain","Cuenta no oficial del servicio de bicis de la ciudad de Valencia, Valenbisi. Fomento del uso de la bicicleta #transportepublico #bici Info: valenbisi@gmail.com",,,View
01.06.2018 13:18:05,@valenbisi_es,fomenta la bici,"Pedaleando bajo la lluvia con #Valenbisi chubasquero, precauci√≥n, material reflectante y atenci√≥n a peatones, coches y otras bicis. Respetar normas y sem√°foros",1001155603295883265,,pic.twitter.com/RKwBrCjgLv,,0,0,Twitter Web Client,1708,289,80,,9/19/2010,"Valencia, Spain","Cuenta no oficial del servicio de bicis de la ciudad de Valencia, Valenbisi. Fomento del uso de la bicicleta #transportepublico #bici Info: valenbisi@gmail.com",,,View
01.06.2018 13:38:04,@AMELIA_SP78,Amelia Sebasti√°n,"@EnriqueVCF97 Que va.... eso es que quieren que llegues pronto y no cojas el valenbici... üòÇüòú Adem√°s... no dicen Novia lluviosa, novia dichosa... Basket con lluvia, afici√≥n unida... Al√©... ya est√° el refr√°n inventado... jajajaja. Hoy sufriremos pero ganaremos.. la ha dicho Rub√©n... üòöüòö",1001147664472444929,,,,1,1,Twitter for Android,168,400,2,,10/22/2013,"Valencia, Comunidad Valenciana",Psic√≥loga y Psicogeront√≥loga. #Hay estrellas que nunca dejar√°n de Brillar#.,,,View
01.06.2018 13:38:04,@EchoesIII,Pablo,Volviendo a casa a las cuatro de la noche haciendo un squat en unos postes de valenbisi,1000558923773038592,,https://pbs.twimg.com/media/DeKzCYqX4AIZxW0.jpg,,1,8,Twitter for Android,183,120,8,,1/13/2014,"Valencia, Espa√±a",she say do you love me i tell her im monky,,,View
01.06.2018 13:38:04,@lasprovincias,LAS PROVINCIAS,.@valenbisi_es pierde abonados por cuarto mes consecutivo y apenas supera los 44.000,1003536832502456320,http://www.lasprovincias.es/valencia-ciudad/valenbisi-pierde-abonados-20180604004059-ntvo.html,,,6,3,TweetDeck,169104,171,1804,‚úÖ,11/25/2008,"Valencia, Spain","Noticias de la Comunitat Valenciana, de Espa√±a y de √°mbito internacional WhatsApp: 626641201. Agr√©ganos y env√≠anos tu nombre. https://telegram.me/lasprovincias",http://www.lasprovincias.es,,View
01.06.2018 13:38:04,@Carla_Esteban_,Carla Esteban del √Ålamo,Valenbisi pierde abonados por cuarto mes consecutivo y apenas supera los 44.000,1003408117659512832,https://ift.tt/2J85HeT,,,0,0,IFTTT,174,501,0,,12/5/2017,"Valencia, Espa√±a",Abogada,,,View
01.06.2018 13:42:03,@valenbisi_es,fomenta la bici,"Buenas noticias desde @AytoAlfafar üòÑ Si conoc√©is buenas noticias del √°rea metropolitana y cercanas a Val√®ncia para ampliar las v√≠as ciclables compartirlo con nosotros, ¬°gracias! RT @RedCiudadesBici: Alfafar: El proyecto del carril bici obtiene subvenci√≥n europea",1003374611520741377,"https://twitter.com/RedCiudadesBici/status/1003310094317228032
http://www.ciudadesporlabicicleta.org/2018/05/08/alfafar-el-proyecto-del-carril-bici-obtiene-subvencion-europea/?utm_source=ReviveOldPost&utm_medium=social&utm_campaign=ReviveOldPost",,,1,1,Twitter for Android,1708,289,80,,9/19/2010,"Valencia, Spain","Cuenta no oficial del servicio de bicis de la ciudad de Valencia, Valenbisi. Fomento del uso de la bicicleta #transportepublico #bici Info: valenbisi@gmail.com",,,View
01.06.2018 13:42:03,@valenbisi_es,fomenta la bici,Pasaron las tormentas y vuelve el buen tiempo al menos hasta mediados de semana. ¬°A disfrutar pedaleando de la ciudad! Buena semana üòâüèñÔ∏èüåÉüö≤ RT @AEMET_CValencia: 03/05 19:15 #AEMET informa de que ya no hay avisos vigentes en C. Valenciana,1003373821678809089,"https://twitter.com/AEMET_CValencia/status/1003354497094123521
http://infotweet.aemet.es/tu77.html?1528053309",,,0,0,Twitter for Android,1708,289,80,,9/19/2010,"Valencia, Spain","Cuenta no oficial del servicio de bicis de la ciudad de Valencia, Valenbisi. Fomento del uso de la bicicleta #transportepublico #bici Info: valenbisi@gmail.com",,,View
01.06.2018 13:42:03,@valenbisi_es,fomenta la bici,De nou en la ciutat. Deixa la Valenbisi en una #EVB si no ho has fet ja i canvia a @emtvalencia @metrovalencia taxi.... Bon dia i a gaudir de la pluja amb tota una agenda d'activitats que hi ha a Val√®ncia!,1003138157091676160,,,,0,0,Twitter Web Client,1708,289,80,,9/19/2010,"Valencia, Spain","Cuenta no oficial del servicio de bicis de la ciudad de Valencia, Valenbisi. Fomento del uso de la bicicleta #transportepublico #bici Info: valenbisi@gmail.com",,,View
01.06.2018 16:58:33,@valenbisi_es,fomenta la bici,A estas horas pocos biciclista pedalean por la ciudad pero por precauci√≥n si has cogido la bici para y espera a que no sea tan intensa la tormenta. Elegir @emtvalencia en su servicio nocturno y @metrovalencia en.. una hora... El tema de alternativa lo dejamos al taxi :),1003119151819390977,,,,0,1,Twitter for Android,1708,289,80,,9/19/2010,"Valencia, Spain","Cuenta no oficial del servicio de bicis de la ciudad de Valencia, Valenbisi. Fomento del uso de la bicicleta #transportepublico #bici Info: valenbisi@gmail.com",,,View
01.06.2018 16:58:33,@valenbisi_es,fomenta la bici,"Ahir al #PleVal√®ncia es va parlar de mobilitat, infraestructures i molt m√©s temes interessants. M√©s info  per poder vore-ho en diferit RT @AjuntamentVLC: Ja est√† disponible l‚Äôemissi√≥ completa del #PleVal√®ncia de hui ‚ÜóÔ∏è",1002565066691104769,"http://canal.gva.es/#./portal/orgs/dsp_orgs.cfm
https://twitter.com/AjuntamentVLC/status/1002214976659091456
http://bit.ly/2sAz0M3",https://pbs.twimg.com/media/DeiVNLWW0AMfj58.jpg,,0,0,Twitter Web Client,1708,289,80,,9/19/2010,"Valencia, Spain","Cuenta no oficial del servicio de bicis de la ciudad de Valencia, Valenbisi. Fomento del uso de la bicicleta #transportepublico #bici Info: valenbisi@gmail.com",,,View
01.06.2018 16:58:33,@valenbisi_es,fomenta la bici,Llega el fin de semana y se esperan... tormentas!  ¬øAcertar√°n las predicciones @AEMET_CValencia ? Llevad el chubasquero y algo de muda por si os pilla una tromba moment√°nea. Paciencia y siempre pensad en vuestra seguridad y en la de los dem√°s. Gracias! RT @AEMET_CValencia: 01/06 09:54 #AEMET adelanta #avisos por lluvias en C. Valenciana. Activos pasado ma√±ana. Nivel m√°x amarillo +info HAGA CLICK EN LA IMAGEN o,1002514614360444928,"http://www.aemet.es/es/eltiempo/prediccion/municipios/valencia-id46250
https://twitter.com/AEMET_CValencia/status/1002488633801273344
http://www.aemet.es/es/eltiempo/prediccion/avisos?w=pmna&k=val
http://infotweet.aemet.es/tu77.html?1527846872",,,0,0,Twitter Web Client,1708,289,80,,9/19/2010,"Valencia, Spain","Cuenta no oficial del servicio de bicis de la ciudad de Valencia, Valenbisi. Fomento del uso de la bicicleta #transportepublico #bici Info: valenbisi@gmail.com",,,View
01.06.2018 16:58:33,@valenbisi_es,fomenta la bici,"Viendo que se acerca la temporada alta y las multitudes que se generan en ciertas calles, buena reflexi√≥n de @valenciaenbici que urge solucionar Calle Alicante  ¬øsi un ciclista va con ella en la mano no caben bien m√°s peatones ¬øsoluciones @VlcMobilitat?",1002507837652783104,https://www.facebook.com/valenciaenbici/posts/1670977492986039,,,0,0,Twitter Web Client,1708,289,80,,9/19/2010,"Valencia, Spain","Cuenta no oficial del servicio de bicis de la ciudad de Valencia, Valenbisi. Fomento del uso de la bicicleta #transportepublico #bici Info: valenbisi@gmail.com",,,View
01.06.2018 17:03:37,@valenbisi_es,fomenta la bici,D√≠a que acaba con lluvia y se multiplican los veh√≠culos privados en la ciudad. ¬øUnas gotas y ya denotamos cada ciudadano la dependencia del coche privado que tenemos?¬øNo pensamos en @emtvalencia @metrovalencia? ¬øEs grave Doctor?,1001161820747583488,,,,0,0,Twitter Web Client,1708,289,80,,9/19/2010,"Valencia, Spain","Cuenta no oficial del servicio de bicis de la ciudad de Valencia, Valenbisi. Fomento del uso de la bicicleta #transportepublico #bici Info: valenbisi@gmail.com",,,View
01.06.2018 17:03:37,@valenbisi_es,fomenta la bici,"Pedaleando bajo la lluvia con #Valenbisi chubasquero, precauci√≥n, material reflectante y atenci√≥n a peatones, coches y otras bicis. Respetar normas y sem√°foros",1001155603295883265,,pic.twitter.com/RKwBrCjgLv,,0,0,Twitter Web Client,1708,289,80,,9/19/2010,"Valencia, Spain","Cuenta no oficial del servicio de bicis de la ciudad de Valencia, Valenbisi. Fomento del uso de la bicicleta #transportepublico #bici Info: valenbisi@gmail.com",,,View
01.06.2018 17:03:37,@EchoesIII,Pablo,Volviendo a casa a las cuatro de la noche haciendo un squat en unos postes de valenbisi,1000558923773038592,,https://pbs.twimg.com/media/DeKzCYqX4AIZxW0.jpg,,1,8,Twitter for Android,183,120,8,,1/13/2014,"Valencia, Espa√±a",she say do you love me i tell her im monky,,,View
03.06.2018 5:34:16,@jdaros,Joan Dar√≤s,"Holi @Iberia, c√≥mo va el finde? El m√≠o regular. S√≥lo comentaros que en menos de una semana me hab√©is cancelado un vuelo, retrasado tres y perdido una maleta. A la pr√≥xima antes cojo un valenbisi.",1000466743335284736,,,,0,7,Twitter for iPhone,656,1366,6,,4/11/2010,pa√≠s valenci√†,"Actor. Valenci√†. http://www.morcillogonzalez.com, per√≤ ac√≠ opine sols per mi. ig: joandaros",,,View
03.06.2018 5:34:16,@valenbisi_es,fomenta la bici,"Programa pilot amb la llinea 5 d'@emtvalencia. C√≥mo en ciutats com M√ºnchen @StadtMuenchen que pots entrar pel dia per altres portes del vehicle. Felicitats @emtvalencia per introdu√Ør novetats i millorar el servici! Gr√†cies RT @emtvalencia: Dem√† comencem a la L5 un programa pilot per a millorar la velocitat comercial: des d'ara, tamb√© podr√†s validar els teus t√≠tols per la porta central. Recorda que per activar una rec√†rrega pendent o comprar un bitllet senzill haur√†s de seguir fent-ho per la porta del conductor.",1004354539296821248,https://twitter.com/emtvalencia/status/1004352705098338304,https://pbs.twimg.com/media/DfAtcm6W0AIQOdu.jpg,,0,0,Twitter for Android,1709,289,80,,9/19/2010,"Valencia, Spain","Cuenta no oficial del servicio de bicis de la ciudad de Valencia, Valenbisi. Fomento del uso de la bicicleta #transportepublico #bici Info: valenbisi@gmail.com",,,View
03.06.2018 5:34:16,@valenbisi_es,fomenta la bici,"Atenci√≥n que se acerca tormenta con rachas de viento y en muchos casos granizo. Mucha precauci√≥n y ante tromba de agua o granizada parar y resguardaros. Paciencia o elegid alternativas @emtvalencia @metrovalencia RT @AEMET_CValencia: La intensidad de precipitaci√≥n est√° siendo fuerte y con viento racheado. En la estaci√≥n de Ll√≠ria se han registrado 19.4 l/m2 en la √∫ltima media hora, de los cuales 15.6 en s√≥lo 10 minutos, con una racha de viento de 64 km/h",1004352712035700736,https://twitter.com/AEMET_CValencia/status/1004350421861851138,,,0,0,Twitter for Android,1709,289,80,,9/19/2010,"Valencia, Spain","Cuenta no oficial del servicio de bicis de la ciudad de Valencia, Valenbisi. Fomento del uso de la bicicleta #transportepublico #bici Info: valenbisi@gmail.com",,,View
03.06.2018 5:40:17,@valenbisi_es,fomenta la bici,Per incid√®ncies podeu compartir-les amb @ValenbisiOfi amb #SOSvalenbisi,1004282585483304960,,,,0,0,Twitter Web Client,1709,289,80,,9/19/2010,"Valencia, Spain","Cuenta no oficial del servicio de bicis de la ciudad de Valencia, Valenbisi. Fomento del uso de la bicicleta #transportepublico #bici Info: valenbisi@gmail.com",,,View
03.06.2018 5:40:17,@valenbisi_es,fomenta la bici,"Atenci√≥ a la disponibilitat d'Estacions Valenbisi #EVB. Consultar @biciv i davant de poca disponibilitat de bornetes lliures anar amb temps perqu√® haureu d'aparcar-la en #EVBs allunyades. RECORDEU que al arribar a una Estaci√≥ i est√† plena, passeu la targeta i teniu 15' de bonus.. RT @TransitValencia: Recordem que hui continuen les proves d‚Äôacc√®s a la Universitat, pel que s‚Äôesperen majors despla√ßaments i intensitat circulat√≤ria en els accessos a la @UPV i el Campus dels Tarongers. Preveniu despla√ßaments üòâ @AjuntamentVLC @emtvalencia #EBAU2018 #EBAU",1004282299645612033,https://twitter.com/TransitValencia/status/1004260452770164736,https://pbs.twimg.com/media/De_ZfmEX0AEwquS.jpg,,2,4,Twitter Web Client,1709,289,80,,9/19/2010,"Valencia, Spain","Cuenta no oficial del servicio de bicis de la ciudad de Valencia, Valenbisi. Fomento del uso de la bicicleta #transportepublico #bici Info: valenbisi@gmail.com",,,View
03.06.2018 5:40:17,@valenbisi_es,fomenta la bici,@RafaelsvriveraS @JoanRiboAlcalde @CiudadanosCs @CsCValenciana @CsValencia_C Lo que no sabe ni quiere saber es que Valenbisi es un contrato de largo recorrido y cerrado sin mucho margen de maniobra por parte del @AjuntamentVLC ¬øDe verdad que eso son las reclamaciones @CsValencia_C @NarcisoEstelles @fginer?,1004279257605066752,,,,0,0,Twitter Web Client,1709,289,80,,9/19/2010,"Valencia, Spain","Cuenta no oficial del servicio de bicis de la ciudad de Valencia, Valenbisi. Fomento del uso de la bicicleta #transportepublico #bici Info: valenbisi@gmail.com",,,View
03.06.2018 5:40:17,@Ken43Block_,Nico Lewandowski‚Ñ¢,"@mixyourmedicine Normal, no tienes valenbisi üôÑüòÇ",1003738523898433537,,,,0,1,Twitter for Android,85,598,0,,9/3/2010,"Valencia, Espa√±a",#EchteLiebeüíõ,,,View
03.06.2018 6:55:48,@Ken43Block_,Nico Lewandowski‚Ñ¢,"@mixyourmedicine Pues va, c√°mbiate que bajo, donde te recojo con mi flamante valenbisi? jajajajajajajajajaj",1003728768777768961,,,,0,1,Twitter for Android,85,598,0,,9/3/2010,"Valencia, Espa√±a",#EchteLiebeüíõ,,,View
03.06.2018 6:55:48,@valentia1238,Antonio Val√©ncia,@lasprovincias @Joanenric67Joan @valenbisi_es Interesante...,1003691023644745728,,,,0,1,Twitter for Android,614,1029,15,,10/23/2016,"Valencia, Espa√±a","Valenciano, mi manera de ser y de estar. Porque ya sabes, aqu√≠, en el viejo Reino de Valencia, desde siempre, Som Valencians.",,,View
03.06.2018 6:55:48,@valenbisi_es,fomenta la bici,"@lasprovincias Pod√≠ais indagar el contrato a largo plazo que tiene firmado @JCDecaux_ESP con @AjuntamentVLC si tiene cl√°usulas ante la p√©rdida de competitividad ;) La evoluci√≥n natural de @ValenbisiOfi sin mostrar novedades es que deje paso a otras opciones m√°s ligeras,a otras m√°s innovadoras..",1003580526375120896,,,,0,2,Twitter for Android,1709,289,80,,9/19/2010,"Valencia, Spain","Cuenta no oficial del servicio de bicis de la ciudad de Valencia, Valenbisi. Fomento del uso de la bicicleta #transportepublico #bici Info: valenbisi@gmail.com",,,View
03.06.2018 6:55:48,@lasprovincias,LAS PROVINCIAS,.@valenbisi_es pierde abonados por cuarto mes consecutivo y apenas supera los 44.000,1003536832502456320,http://www.lasprovincias.es/valencia-ciudad/valenbisi-pierde-abonados-20180604004059-ntvo.html,,,6,3,TweetDeck,169121,171,1801,‚úÖ,11/25/2008,"Valencia, Spain","Noticias de la Comunitat Valenciana, de Espa√±a y de √°mbito internacional WhatsApp: 626641201. Agr√©ganos y env√≠anos tu nombre. https://telegram.me/lasprovincias",http://www.lasprovincias.es,,View
03.06.2018 17:16:59,@Carla_Esteban_,Carla Esteban del √Ålamo,Valenbisi pierde abonados por cuarto mes consecutivo y apenas supera los 44.000,1003408117659512832,https://ift.tt/2J85HeT,,,0,0,IFTTT,175,500,0,,12/5/2017,"Valencia, Espa√±a",Abogada,,,View
03.06.2018 17:16:59,@valenbisi_es,fomenta la bici,@Willy_Sanz_ Nosotros en Val√®ncia nos preguntamos si en unos meses permiten ir a patinetes el√©ctricos por los viales de bici con la cantidad de baches que hay se van a hartar a pagar reclamaciones de accidentes. ¬øParches que sirven para coches y motos pero no para bicis y otros veh√≠culos?,1003393718362234881,,,,0,1,Twitter for Android,1709,289,80,,9/19/2010,"Valencia, Spain","Cuenta no oficial del servicio de bicis de la ciudad de Valencia, Valenbisi. Fomento del uso de la bicicleta #transportepublico #bici Info: valenbisi@gmail.com",,,View
03.06.2018 17:16:59,@valenbisi_es,fomenta la bici,"Buenas noticias desde @AytoAlfafar üòÑ Si conoc√©is buenas noticias del √°rea metropolitana y cercanas a Val√®ncia para ampliar las v√≠as ciclables compartirlo con nosotros, ¬°gracias! RT @RedCiudadesBici: Alfafar: El proyecto del carril bici obtiene subvenci√≥n europea",1003374611520741377,"https://twitter.com/RedCiudadesBici/status/1003310094317228032
http://www.ciudadesporlabicicleta.org/2018/05/08/alfafar-el-proyecto-del-carril-bici-obtiene-subvencion-europea/?utm_source=ReviveOldPost&utm_medium=social&utm_campaign=ReviveOldPost",,,1,1,Twitter for Android,1709,289,80,,9/19/2010,"Valencia, Spain","Cuenta no oficial del servicio de bicis de la ciudad de Valencia, Valenbisi. Fomento del uso de la bicicleta #transportepublico #bici Info: valenbisi@gmail.com",,,View
03.06.2018 22:32:15,@valenbisi_es,fomenta la bici,Pasaron las tormentas y vuelve el buen tiempo al menos hasta mediados de semana. ¬°A disfrutar pedaleando de la ciudad! Buena semana üòâüèñÔ∏èüåÉüö≤ RT @AEMET_CValencia: 03/05 19:15 #AEMET informa de que ya no hay avisos vigentes en C. Valenciana,1003373821678809089,"https://twitter.com/AEMET_CValencia/status/1003354497094123521
http://infotweet.aemet.es/tu77.html?1528053309",,,0,0,Twitter for Android,1709,289,80,,9/19/2010,"Valencia, Spain","Cuenta no oficial del servicio de bicis de la ciudad de Valencia, Valenbisi. Fomento del uso de la bicicleta #transportepublico #bici Info: valenbisi@gmail.com",,,View
03.06.2018 22:32:15,@pacoguillem,Francesc Guillem,@valenbisi_es @emtvalencia @metrovalencia S'ha quedat un dia preci√≥s per anar en bici,1003294484120133632,,https://pbs.twimg.com/media/Dexq8jMWsAE-pd9.jpg,,1,2,Twitter for Android,236,298,16,,6/21/2010,Massalfassar,Ciclista urb√† del sud emigrat al nord. Enamorat de les paraules. M'agrada c√≥rrer i fer de viquipedista.,,,View
03.06.2018 22:32:15,@valenbisi_es,fomenta la bici,De nou en la ciutat. Deixa la Valenbisi en una #EVB si no ho has fet ja i canvia a @emtvalencia @metrovalencia taxi.... Bon dia i a gaudir de la pluja amb tota una agenda d'activitats que hi ha a Val√®ncia!,1003138157091676160,,,,0,0,Twitter Web Client,1709,289,80,,9/19/2010,"Valencia, Spain","Cuenta no oficial del servicio de bicis de la ciudad de Valencia, Valenbisi. Fomento del uso de la bicicleta #transportepublico #bici Info: valenbisi@gmail.com",,,View
03.06.2018 22:32:15,@valenbisi_es,fomenta la bici,A estas horas pocos biciclista pedalean por la ciudad pero por precauci√≥n si has cogido la bici para y espera a que no sea tan intensa la tormenta. Elegir @emtvalencia en su servicio nocturno y @metrovalencia en.. una hora... El tema de alternativa lo dejamos al taxi :),1003119151819390977,,,,0,1,Twitter for Android,1709,289,80,,9/19/2010,"Valencia, Spain","Cuenta no oficial del servicio de bicis de la ciudad de Valencia, Valenbisi. Fomento del uso de la bicicleta #transportepublico #bici Info: valenbisi@gmail.com",,,View
03.06.2018 22:35:23,@valenbisi_es,fomenta la bici,"@taxivoltereta @joanribo @policialocalvlc @ciclismoafondo @ValenbisiOfi @VlcMobilitat ¬øCursillos para biciclistas, conductores que pasaron su carnet hace a√±os y no logran recordar que es eso de urbanidad, conductores de servicios p√∫blicos, transportistas y peatones? Ante actos inc√≠vicos hay muchos implicados en la ciudad...",1003117637046546433,,,,0,0,Twitter for Android,1709,289,80,,9/19/2010,"Valencia, Spain","Cuenta no oficial del servicio de bicis de la ciudad de Valencia, Valenbisi. Fomento del uso de la bicicleta #transportepublico #bici Info: valenbisi@gmail.com",,,View
03.06.2018 22:35:23,@valenbisi_es,fomenta la bici,@giuseppegrezzi On pot consultar la ciutadania el nou Pla de Seguretat Vi√†ria?¬øUn enlla√ß al document o una web? @anaismenguzzato La contra r√®plica cas per cas mencionada tamb√© es pot consultar o √©s un di√†leg a 2 bandes perque es seguixen sense entendre?,1002566341973479424,,pic.twitter.com/Woj4NCXZ2j,,0,0,Twitter Web Client,1709,289,80,,9/19/2010,"Valencia, Spain","Cuenta no oficial del servicio de bicis de la ciudad de Valencia, Valenbisi. Fomento del uso de la bicicleta #transportepublico #bici Info: valenbisi@gmail.com",,,View
03.06.2018 22:35:23,@valenbisi_es,fomenta la bici,"Ahir al #PleVal√®ncia es va parlar de mobilitat, infraestructures i molt m√©s temes interessants. M√©s info  per poder vore-ho en diferit RT @AjuntamentVLC: Ja est√† disponible l‚Äôemissi√≥ completa del #PleVal√®ncia de hui ‚ÜóÔ∏è",1002565066691104769,"http://canal.gva.es/#./portal/orgs/dsp_orgs.cfm
https://twitter.com/AjuntamentVLC/status/1002214976659091456
http://bit.ly/2sAz0M3",https://pbs.twimg.com/media/DeiVNLWW0AMfj58.jpg,,0,0,Twitter Web Client,1709,289,80,,9/19/2010,"Valencia, Spain","Cuenta no oficial del servicio de bicis de la ciudad de Valencia, Valenbisi. Fomento del uso de la bicicleta #transportepublico #bici Info: valenbisi@gmail.com",,,View
03.06.2018 22:35:23,@valenbisi_es,fomenta la bici,@taxivoltereta @joanribo @policialocalvlc @ciclismoafondo Un punto interesante en las Estaciones Valenbisi ser√≠a si al elegir un idioma que no sea espa√±ol / valenciano y/o a los nuevos turistas de corta duraci√≥n les apareciera consignas de seguridad y educaci√≥n vial antes de desbloquear las bornetas @ValenbisiOfi @VlcMobilitat,1002515617436532737,,pic.twitter.com/OByE4GvOrJ,,1,0,Twitter Web Client,1709,289,80,,9/19/2010,"Valencia, Spain","Cuenta no oficial del servicio de bicis de la ciudad de Valencia, Valenbisi. Fomento del uso de la bicicleta #transportepublico #bici Info: valenbisi@gmail.com",,,View
03.06.2018 23:51:19,@valenbisi_es,fomenta la bici,Llega el fin de semana y se esperan... tormentas!  ¬øAcertar√°n las predicciones @AEMET_CValencia ? Llevad el chubasquero y algo de muda por si os pilla una tromba moment√°nea. Paciencia y siempre pensad en vuestra seguridad y en la de los dem√°s. Gracias! RT @AEMET_CValencia: 01/06 09:54 #AEMET adelanta #avisos por lluvias en C. Valenciana. Activos pasado ma√±ana. Nivel m√°x amarillo +info HAGA CLICK EN LA IMAGEN o,1002514614360444928,"http://www.aemet.es/es/eltiempo/prediccion/municipios/valencia-id46250
https://twitter.com/AEMET_CValencia/status/1002488633801273344
http://www.aemet.es/es/eltiempo/prediccion/avisos?w=pmna&k=val
http://infotweet.aemet.es/tu77.html?1527846872",,,0,0,Twitter Web Client,1709,289,80,,9/19/2010,"Valencia, Spain","Cuenta no oficial del servicio de bicis de la ciudad de Valencia, Valenbisi. Fomento del uso de la bicicleta #transportepublico #bici Info: valenbisi@gmail.com",,,View
03.06.2018 23:51:19,@valenbisi_es,fomenta la bici,@taxivoltereta @joanribo @policialocalvlc @ciclismoafondo Sabemos que en tiendas como en @DOYOUBIKE @TodobiciVLC les informan aunque al ser extranjeros y turistas ven que la @policialocalvlc no les va a multar porque no se gestionan las multas o al no saber el idioma no quieren perder el tiempo. En otras ciudades/pa√≠ses no es problema,1002509586413309952,,,,0,0,Twitter Web Client,1709,289,80,,9/19/2010,"Valencia, Spain","Cuenta no oficial del servicio de bicis de la ciudad de Valencia, Valenbisi. Fomento del uso de la bicicleta #transportepublico #bici Info: valenbisi@gmail.com",,,View
03.06.2018 23:51:19,@valenbisi_es,fomenta la bici,"Viendo que se acerca la temporada alta y las multitudes que se generan en ciertas calles, buena reflexi√≥n de @valenciaenbici que urge solucionar Calle Alicante  ¬øsi un ciclista va con ella en la mano no caben bien m√°s peatones ¬øsoluciones @VlcMobilitat?",1002507837652783104,https://www.facebook.com/valenciaenbici/posts/1670977492986039,,,0,0,Twitter Web Client,1709,289,80,,9/19/2010,"Valencia, Spain","Cuenta no oficial del servicio de bicis de la ciudad de Valencia, Valenbisi. Fomento del uso de la bicicleta #transportepublico #bici Info: valenbisi@gmail.com",,,View
04.06.2018 0:48:32,@valenbisi_es,fomenta la bici,D√≠a que acaba con lluvia y se multiplican los veh√≠culos privados en la ciudad. ¬øUnas gotas y ya denotamos cada ciudadano la dependencia del coche privado que tenemos?¬øNo pensamos en @emtvalencia @metrovalencia? ¬øEs grave Doctor?,1001161820747583488,,,,0,0,Twitter Web Client,1709,289,80,,9/19/2010,"Valencia, Spain","Cuenta no oficial del servicio de bicis de la ciudad de Valencia, Valenbisi. Fomento del uso de la bicicleta #transportepublico #bici Info: valenbisi@gmail.com",,,View
04.06.2018 0:48:32,@valenbisi_es,fomenta la bici,"Pedaleando bajo la lluvia con #Valenbisi chubasquero, precauci√≥n, material reflectante y atenci√≥n a peatones, coches y otras bicis. Respetar normas y sem√°foros",1001155603295883265,,pic.twitter.com/RKwBrCjgLv,,0,0,Twitter Web Client,1709,289,80,,9/19/2010,"Valencia, Spain","Cuenta no oficial del servicio de bicis de la ciudad de Valencia, Valenbisi. Fomento del uso de la bicicleta #transportepublico #bici Info: valenbisi@gmail.com",,,View
04.06.2018 0:48:32,@AMELIA_SP78,Amelia Sebasti√°n,"@EnriqueVCF97 Que va.... eso es que quieren que llegues pronto y no cojas el valenbici... üòÇüòú Adem√°s... no dicen Novia lluviosa, novia dichosa... Basket con lluvia, afici√≥n unida... Al√©... ya est√° el refr√°n inventado... jajajaja. Hoy sufriremos pero ganaremos.. la ha dicho Rub√©n... üòöüòö",1001147664472444929,,,,1,1,Twitter for Android,168,400,2,,10/22/2013,"Valencia, Comunidad Valenciana",Psic√≥loga y Psicogeront√≥loga. #Hay estrellas que nunca dejar√°n de Brillar#.,,,View
04.06.2018 0:48:32,@valenbisi_es,fomenta la bici,Est√°n muy callados desde @ValenbisiOfi ¬øHabr√° novedades pronto? ¬ølograr√°n darle la vuelta a su servicio y recuperar los usuarios perdidos? ¬øIncentivar√°n otros usos?,1004686351453868032,,pic.twitter.com/94tgqh5iba,,0,0,Twitter Web Client,1709,289,80,,9/19/2010,"Valencia, Spain","Cuenta no oficial del servicio de bicis de la ciudad de Valencia, Valenbisi. Fomento del uso de la bicicleta #transportepublico #bici Info: valenbisi@gmail.com",,,View
04.06.2018 9:20:00,@valenbisi_es,fomenta la bici,Primeros usuarios de @emtvalencia probando en la l√≠nea 5 las novedades de poder entrar por la puerta m√°s grande del veh√≠culo. Tanto para usuarios con carritos como para biciclistas con bici plegable es de agradecer tambi√©n. Gracias! RT @emtvalencia: Arrancamos con el proyecto piloto para ganar velocidad comercial en la L√≠nea 5 con posibilidad de validar por la puerta central. ¬°Todas mejoramos cada trayecto!,1004685623293284352,https://twitter.com/emtvalencia/status/1004615323448901632,https://pbs.twimg.com/media/DfEcSbXX0AEvsLS.jpg,,0,0,Twitter Web Client,1709,289,80,,9/19/2010,"Valencia, Spain","Cuenta no oficial del servicio de bicis de la ciudad de Valencia, Valenbisi. Fomento del uso de la bicicleta #transportepublico #bici Info: valenbisi@gmail.com",,,View
04.06.2018 9:20:00,@valenbisi_es,fomenta la bici,De nou torna #DEcidimVLC2018 @ParticipaVLC amb m√©s pressupost :) A participar! RT @ParticipaVLC: üì£üì£ Roda de premsa per donar a con√®ixer la nova edici√≥ dels pressupostos participatius #DecidimVLC2018. Ja podeu fer les vostres propostes i tindre tota la informaci√≥ a  Juntes decidim com volem els nostres districtes! üòÜ,1004684981573160960,"https://twitter.com/ParticipaVLC/status/1004681831684427777
http://decidimvlc.valencia.es",https://pbs.twimg.com/media/DfFYy9TW0AELsJf.jpg,,0,0,Twitter Web Client,1709,289,80,,9/19/2010,"Valencia, Spain","Cuenta no oficial del servicio de bicis de la ciudad de Valencia, Valenbisi. Fomento del uso de la bicicleta #transportepublico #bici Info: valenbisi@gmail.com",,,View
04.06.2018 9:20:00,@qja1j,Jose Luis,@rafaelchecafos @ValenciaEscucha @emtvalencia @valenbisi Pero estos saben el caos que se va a generar con los abuelos en horas punta? Que todos se abalanzan a subir para coger sitio y ni respetan la cola de la parada? Esto va a implicar muchos problemas de los que suban y bajen a la vez,1004489988850028545,,,,0,0,Twitter for Android,109,272,0,,8/8/2017,"Valencia, Espa√±a",Director de la revista @XLaTangente. Distinguiendo lo real de la ficci√≥n desde que tengo uso de raz√≥n. 'Quiero jugar a un juego...¬øJugar o Morir?...T√∫ decides',http://www.xlatangente.com.es,,View
04.06.2018 9:20:00,@qja1j,Jose Luis,"@rafaelchecafos @ValenciaEscucha @emtvalencia @valenbisi O incluso amiguitos de facultada con los intercambiadores esos de bicis, que estos son m√°s corruptos que los otros y quieren dejar claro que son legales cuando no lo son",1004488587914735616,,,,0,0,Twitter for Android,109,272,0,,8/8/2017,"Valencia, Espa√±a",Director de la revista @XLaTangente. Distinguiendo lo real de la ficci√≥n desde que tengo uso de raz√≥n. 'Quiero jugar a un juego...¬øJugar o Morir?...T√∫ decides',http://www.xlatangente.com.es,,View
04.06.2018 12:13:37,@qja1j,Jose Luis,@rafaelchecafos @ValenciaEscucha @emtvalencia @valenbisi Si le hubieras dicho que eras un pepero te hacia un escrache en vivo y en directo en lugar del selfie xD pero no se te rompi√≥ la c√°mara al hacerte el selfie con el dios supremo?,1004485995579002881,,,,0,1,Twitter for Android,109,272,0,,8/8/2017,"Valencia, Espa√±a",Director de la revista @XLaTangente. Distinguiendo lo real de la ficci√≥n desde que tengo uso de raz√≥n. 'Quiero jugar a un juego...¬øJugar o Morir?...T√∫ decides',http://www.xlatangente.com.es,,View
04.06.2018 12:13:37,@qja1j,Jose Luis,@rafaelchecafos @ValenciaEscucha Lo de la bajada de usuarios de la @emtvalencia y de los abonos del @valenbisi y si esto es cierto imag√≠nate el pelotazo que ha dado y el super√°vit que vamos a tener,1004480239731429376,,https://pbs.twimg.com/media/DfChbkfW0AAvwAC.jpg,,0,0,Twitter for Android,109,272,0,,8/8/2017,"Valencia, Espa√±a",Director de la revista @XLaTangente. Distinguiendo lo real de la ficci√≥n desde que tengo uso de raz√≥n. 'Quiero jugar a un juego...¬øJugar o Morir?...T√∫ decides',http://www.xlatangente.com.es,,View
04.06.2018 12:13:37,@valenbisi_es,fomenta la bici,"Programa pilot amb la llinea 5 d'@emtvalencia. C√≥mo en ciutats com M√ºnchen @StadtMuenchen que pots entrar pel dia per altres portes del vehicle. Felicitats @emtvalencia per introdu√Ør novetats i millorar el servici! Gr√†cies RT @emtvalencia: Dem√† comencem a la L5 un programa pilot per a millorar la velocitat comercial: des d'ara, tamb√© podr√†s validar els teus t√≠tols per la porta central. Recorda que per activar una rec√†rrega pendent o comprar un bitllet senzill haur√†s de seguir fent-ho per la porta del conductor.",1004354539296821248,https://twitter.com/emtvalencia/status/1004352705098338304,https://pbs.twimg.com/media/DfAtcm6W0AIQOdu.jpg,,0,0,Twitter for Android,1709,289,80,,9/19/2010,"Valencia, Spain","Cuenta no oficial del servicio de bicis de la ciudad de Valencia, Valenbisi. Fomento del uso de la bicicleta #transportepublico #bici Info: valenbisi@gmail.com",,,View
04.06.2018 19:32:42,@valenbisi_es,fomenta la bici,"Atenci√≥n que se acerca tormenta con rachas de viento y en muchos casos granizo. Mucha precauci√≥n y ante tromba de agua o granizada parar y resguardaros. Paciencia o elegid alternativas @emtvalencia @metrovalencia RT @AEMET_CValencia: La intensidad de precipitaci√≥n est√° siendo fuerte y con viento racheado. En la estaci√≥n de Ll√≠ria se han registrado 19.4 l/m2 en la √∫ltima media hora, de los cuales 15.6 en s√≥lo 10 minutos, con una racha de viento de 64 km/h",1004352712035700736,https://twitter.com/AEMET_CValencia/status/1004350421861851138,,,0,0,Twitter for Android,1709,289,80,,9/19/2010,"Valencia, Spain","Cuenta no oficial del servicio de bicis de la ciudad de Valencia, Valenbisi. Fomento del uso de la bicicleta #transportepublico #bici Info: valenbisi@gmail.com",,,View
04.06.2018 19:32:42,@valenbisi_es,fomenta la bici,Per incid√®ncies podeu compartir-les amb @ValenbisiOfi amb #SOSvalenbisi,1004282585483304960,,,,0,0,Twitter Web Client,1709,289,80,,9/19/2010,"Valencia, Spain","Cuenta no oficial del servicio de bicis de la ciudad de Valencia, Valenbisi. Fomento del uso de la bicicleta #transportepublico #bici Info: valenbisi@gmail.com",,,View
04.06.2018 19:32:42,@valenbisi_es,fomenta la bici,"Atenci√≥ a la disponibilitat d'Estacions Valenbisi #EVB. Consultar @biciv i davant de poca disponibilitat de bornetes lliures anar amb temps perqu√® haureu d'aparcar-la en #EVBs allunyades. RECORDEU que al arribar a una Estaci√≥ i est√† plena, passeu la targeta i teniu 15' de bonus.. RT @TransitValencia: Recordem que hui continuen les proves d‚Äôacc√®s a la Universitat, pel que s‚Äôesperen majors despla√ßaments i intensitat circulat√≤ria en els accessos a la @UPV i el Campus dels Tarongers. Preveniu despla√ßaments üòâ @AjuntamentVLC @emtvalencia #EBAU2018 #EBAU",1004282299645612033,https://twitter.com/TransitValencia/status/1004260452770164736,https://pbs.twimg.com/media/De_ZfmEX0AEwquS.jpg,,2,4,Twitter Web Client,1709,289,80,,9/19/2010,"Valencia, Spain","Cuenta no oficial del servicio de bicis de la ciudad de Valencia, Valenbisi. Fomento del uso de la bicicleta #transportepublico #bici Info: valenbisi@gmail.com",,,View
04.06.2018 22:02:41,@valenbisi_es,fomenta la bici,@RafaelsvriveraS @JoanRiboAlcalde @CiudadanosCs @CsCValenciana @CsValencia_C Lo que no sabe ni quiere saber es que Valenbisi es un contrato de largo recorrido y cerrado sin mucho margen de maniobra por parte del @AjuntamentVLC ¬øDe verdad que eso son las reclamaciones @CsValencia_C @NarcisoEstelles @fginer?,1004279257605066752,,,,0,0,Twitter Web Client,1709,289,80,,9/19/2010,"Valencia, Spain","Cuenta no oficial del servicio de bicis de la ciudad de Valencia, Valenbisi. Fomento del uso de la bicicleta #transportepublico #bici Info: valenbisi@gmail.com",,,View
04.06.2018 22:02:41,@Ken43Block_,Nico Lewandowski‚Ñ¢,"@mixyourmedicine Normal, no tienes valenbisi üôÑüòÇ",1003738523898433537,,,,0,1,Twitter for Android,85,598,0,,9/3/2010,"Valencia, Espa√±a",#EchteLiebeüíõ,,,View
04.06.2018 22:02:41,@Ken43Block_,Nico Lewandowski‚Ñ¢,"@mixyourmedicine Pues va, c√°mbiate que bajo, donde te recojo con mi flamante valenbisi? jajajajajajajajajaj",1003728768777768961,,,,0,1,Twitter for Android,85,598,0,,9/3/2010,"Valencia, Espa√±a",#EchteLiebeüíõ,,,View
04.06.2018 22:41:27,@valentia1238,Antonio Val√©ncia,@lasprovincias @Joanenric67Joan @valenbisi_es Interesante...,1003691023644745728,,,,0,1,Twitter for Android,613,1030,15,,10/23/2016,"Valencia, Espa√±a","Valenciano, mi manera de ser y de estar. Porque ya sabes, aqu√≠, en el viejo Reino de Valencia, desde siempre, Som Valencians.",,,View
04.06.2018 22:41:27,@valenbisi_es,fomenta la bici,"@lasprovincias Pod√≠ais indagar el contrato a largo plazo que tiene firmado @JCDecaux_ESP con @AjuntamentVLC si tiene cl√°usulas ante la p√©rdida de competitividad ;) La evoluci√≥n natural de @ValenbisiOfi sin mostrar novedades es que deje paso a otras opciones m√°s ligeras,a otras m√°s innovadoras..",1003580526375120896,,,,0,2,Twitter for Android,1709,289,80,,9/19/2010,"Valencia, Spain","Cuenta no oficial del servicio de bicis de la ciudad de Valencia, Valenbisi. Fomento del uso de la bicicleta #transportepublico #bici Info: valenbisi@gmail.com",,,View
04.06.2018 22:41:27,@lasprovincias,LAS PROVINCIAS,.@valenbisi_es pierde abonados por cuarto mes consecutivo y apenas supera los 44.000,1003536832502456320,http://www.lasprovincias.es/valencia-ciudad/valenbisi-pierde-abonados-20180604004059-ntvo.html,,,6,3,TweetDeck,169146,173,1802,‚úÖ,11/25/2008,"Valencia, Spain","Noticias de la Comunitat Valenciana, de Espa√±a y de √°mbito internacional WhatsApp: 626641201. Agr√©ganos y env√≠anos tu nombre. https://telegram.me/lasprovincias",http://www.lasprovincias.es,,View
06.06.2018 10:30:08,@Carla_Esteban_,Carla Esteban del √Ålamo,Valenbisi pierde abonados por cuarto mes consecutivo y apenas supera los 44.000,1003408117659512832,https://ift.tt/2J85HeT,,,0,0,IFTTT,173,499,0,,12/5/2017,"Valencia, Espa√±a",Abogada,,,View
06.06.2018 10:30:08,@valenbisi_es,fomenta la bici,@Willy_Sanz_ Nosotros en Val√®ncia nos preguntamos si en unos meses permiten ir a patinetes el√©ctricos por los viales de bici con la cantidad de baches que hay se van a hartar a pagar reclamaciones de accidentes. ¬øParches que sirven para coches y motos pero no para bicis y otros veh√≠culos?,1003393718362234881,,,,0,1,Twitter for Android,1709,289,80,,9/19/2010,"Valencia, Spain","Cuenta no oficial del servicio de bicis de la ciudad de Valencia, Valenbisi. Fomento del uso de la bicicleta #transportepublico #bici Info: valenbisi@gmail.com",,,View
06.06.2018 10:42:13,@valenbisi_es,fomenta la bici,"Buenas noticias desde @AytoAlfafar üòÑ Si conoc√©is buenas noticias del √°rea metropolitana y cercanas a Val√®ncia para ampliar las v√≠as ciclables compartirlo con nosotros, ¬°gracias! RT @RedCiudadesBici: Alfafar: El proyecto del carril bici obtiene subvenci√≥n europea",1003374611520741377,"https://twitter.com/RedCiudadesBici/status/1003310094317228032
http://www.ciudadesporlabicicleta.org/2018/05/08/alfafar-el-proyecto-del-carril-bici-obtiene-subvencion-europea/?utm_source=ReviveOldPost&utm_medium=social&utm_campaign=ReviveOldPost",,,1,1,Twitter for Android,1709,289,80,,9/19/2010,"Valencia, Spain","Cuenta no oficial del servicio de bicis de la ciudad de Valencia, Valenbisi. Fomento del uso de la bicicleta #transportepublico #bici Info: valenbisi@gmail.com",,,View
06.06.2018 10:42:13,@valenbisi_es,fomenta la bici,Pasaron las tormentas y vuelve el buen tiempo al menos hasta mediados de semana. ¬°A disfrutar pedaleando de la ciudad! Buena semana üòâüèñÔ∏èüåÉüö≤ RT @AEMET_CValencia: 03/05 19:15 #AEMET informa de que ya no hay avisos vigentes en C. Valenciana,1003373821678809089,"https://twitter.com/AEMET_CValencia/status/1003354497094123521
http://infotweet.aemet.es/tu77.html?1528053309",,,0,0,Twitter for Android,1709,289,80,,9/19/2010,"Valencia, Spain","Cuenta no oficial del servicio de bicis de la ciudad de Valencia, Valenbisi. Fomento del uso de la bicicleta #transportepublico #bici Info: valenbisi@gmail.com",,,View
06.06.2018 10:43:21,@pacoguillem,Francesc Guillem,@valenbisi_es @emtvalencia @metrovalencia S'ha quedat un dia preci√≥s per anar en bici,1003294484120133632,,https://pbs.twimg.com/media/Dexq8jMWsAE-pd9.jpg,,1,2,Twitter for Android,236,298,16,,6/21/2010,Massalfassar,Ciclista urb√† del sud emigrat al nord. Enamorat de les paraules. M'agrada c√≥rrer i fer de viquipedista.,,,View
06.06.2018 10:43:21,@valenbisi_es,fomenta la bici,De nou en la ciutat. Deixa la Valenbisi en una #EVB si no ho has fet ja i canvia a @emtvalencia @metrovalencia taxi.... Bon dia i a gaudir de la pluja amb tota una agenda d'activitats que hi ha a Val√®ncia!,1003138157091676160,,,,0,0,Twitter Web Client,1709,289,80,,9/19/2010,"Valencia, Spain","Cuenta no oficial del servicio de bicis de la ciudad de Valencia, Valenbisi. Fomento del uso de la bicicleta #transportepublico #bici Info: valenbisi@gmail.com",,,View
06.06.2018 15:22:01,@valenbisi_es,fomenta la bici,A estas horas pocos biciclista pedalean por la ciudad pero por precauci√≥n si has cogido la bici para y espera a que no sea tan intensa la tormenta. Elegir @emtvalencia en su servicio nocturno y @metrovalencia en.. una hora... El tema de alternativa lo dejamos al taxi :),1003119151819390977,,,,0,1,Twitter for Android,1709,289,80,,9/19/2010,"Valencia, Spain","Cuenta no oficial del servicio de bicis de la ciudad de Valencia, Valenbisi. Fomento del uso de la bicicleta #transportepublico #bici Info: valenbisi@gmail.com",,,View
06.06.2018 15:22:01,@valenbisi_es,fomenta la bici,"@taxivoltereta @joanribo @policialocalvlc @ciclismoafondo @ValenbisiOfi @VlcMobilitat ¬øCursillos para biciclistas, conductores que pasaron su carnet hace a√±os y no logran recordar que es eso de urbanidad, conductores de servicios p√∫blicos, transportistas y peatones? Ante actos inc√≠vicos hay muchos implicados en la ciudad...",1003117637046546433,,,,0,0,Twitter for Android,1709,289,80,,9/19/2010,"Valencia, Spain","Cuenta no oficial del servicio de bicis de la ciudad de Valencia, Valenbisi. Fomento del uso de la bicicleta #transportepublico #bici Info: valenbisi@gmail.com",,,View
06.06.2018 15:29:16,@valenbisi_es,fomenta la bici,@giuseppegrezzi On pot consultar la ciutadania el nou Pla de Seguretat Vi√†ria?¬øUn enlla√ß al document o una web? @anaismenguzzato La contra r√®plica cas per cas mencionada tamb√© es pot consultar o √©s un di√†leg a 2 bandes perque es seguixen sense entendre?,1002566341973479424,,pic.twitter.com/Woj4NCXZ2j,,0,0,Twitter Web Client,1709,289,80,,9/19/2010,"Valencia, Spain","Cuenta no oficial del servicio de bicis de la ciudad de Valencia, Valenbisi. Fomento del uso de la bicicleta #transportepublico #bici Info: valenbisi@gmail.com",,,View
06.06.2018 15:29:16,@valenbisi_es,fomenta la bici,"Ahir al #PleVal√®ncia es va parlar de mobilitat, infraestructures i molt m√©s temes interessants. M√©s info  per poder vore-ho en diferit RT @AjuntamentVLC: Ja est√† disponible l‚Äôemissi√≥ completa del #PleVal√®ncia de hui ‚ÜóÔ∏è",1002565066691104769,"http://canal.gva.es/#./portal/orgs/dsp_orgs.cfm
https://twitter.com/AjuntamentVLC/status/1002214976659091456
http://bit.ly/2sAz0M3",https://pbs.twimg.com/media/DeiVNLWW0AMfj58.jpg,,0,0,Twitter Web Client,1709,289,80,,9/19/2010,"Valencia, Spain","Cuenta no oficial del servicio de bicis de la ciudad de Valencia, Valenbisi. Fomento del uso de la bicicleta #transportepublico #bici Info: valenbisi@gmail.com",,,View
06.06.2018 23:48:46,@valenbisi_es,fomenta la bici,@taxivoltereta @joanribo @policialocalvlc @ciclismoafondo Un punto interesante en las Estaciones Valenbisi ser√≠a si al elegir un idioma que no sea espa√±ol / valenciano y/o a los nuevos turistas de corta duraci√≥n les apareciera consignas de seguridad y educaci√≥n vial antes de desbloquear las bornetas @ValenbisiOfi @VlcMobilitat,1002515617436532737,,pic.twitter.com/OByE4GvOrJ,,1,0,Twitter Web Client,1709,289,80,,9/19/2010,"Valencia, Spain","Cuenta no oficial del servicio de bicis de la ciudad de Valencia, Valenbisi. Fomento del uso de la bicicleta #transportepublico #bici Info: valenbisi@gmail.com",,,View
07.06.2018 0:11:38,@valenbisi_es,fomenta la bici,Llega el fin de semana y se esperan... tormentas!  ¬øAcertar√°n las predicciones @AEMET_CValencia ? Llevad el chubasquero y algo de muda por si os pilla una tromba moment√°nea. Paciencia y siempre pensad en vuestra seguridad y en la de los dem√°s. Gracias! RT @AEMET_CValencia: 01/06 09:54 #AEMET adelanta #avisos por lluvias en C. Valenciana. Activos pasado ma√±ana. Nivel m√°x amarillo +info HAGA CLICK EN LA IMAGEN o,1002514614360444928,"http://www.aemet.es/es/eltiempo/prediccion/municipios/valencia-id46250
https://twitter.com/AEMET_CValencia/status/1002488633801273344
http://www.aemet.es/es/eltiempo/prediccion/avisos?w=pmna&k=val
http://infotweet.aemet.es/tu77.html?1527846872",,,0,0,Twitter Web Client,1709,289,80,,9/19/2010,"Valencia, Spain","Cuenta no oficial del servicio de bicis de la ciudad de Valencia, Valenbisi. Fomento del uso de la bicicleta #transportepublico #bici Info: valenbisi@gmail.com",,,View
07.06.2018 0:21:56,@valenbisi_es,fomenta la bici,@taxivoltereta @joanribo @policialocalvlc @ciclismoafondo Sabemos que en tiendas como en @DOYOUBIKE @TodobiciVLC les informan aunque al ser extranjeros y turistas ven que la @policialocalvlc no les va a multar porque no se gestionan las multas o al no saber el idioma no quieren perder el tiempo. En otras ciudades/pa√≠ses no es problema,1002509586413309952,,,,0,0,Twitter Web Client,1709,289,80,,9/19/2010,"Valencia, Spain","Cuenta no oficial del servicio de bicis de la ciudad de Valencia, Valenbisi. Fomento del uso de la bicicleta #transportepublico #bici Info: valenbisi@gmail.com",,,View
07.06.2018 0:27:30,@valenbisi_es,fomenta la bici,"Viendo que se acerca la temporada alta y las multitudes que se generan en ciertas calles, buena reflexi√≥n de @valenciaenbici que urge solucionar Calle Alicante  ¬øsi un ciclista va con ella en la mano no caben bien m√°s peatones ¬øsoluciones @VlcMobilitat?",1002507837652783104,https://www.facebook.com/valenciaenbici/posts/1670977492986039,,,0,0,Twitter Web Client,1709,289,80,,9/19/2010,"Valencia, Spain","Cuenta no oficial del servicio de bicis de la ciudad de Valencia, Valenbisi. Fomento del uso de la bicicleta #transportepublico #bici Info: valenbisi@gmail.com",,,View
07.06.2018 13:22:20,@valenbisi_es,fomenta la bici,D√≠a que acaba con lluvia y se multiplican los veh√≠culos privados en la ciudad. ¬øUnas gotas y ya denotamos cada ciudadano la dependencia del coche privado que tenemos?¬øNo pensamos en @emtvalencia @metrovalencia? ¬øEs grave Doctor?,1001161820747583488,,,,0,0,Twitter Web Client,1709,289,80,,9/19/2010,"Valencia, Spain","Cuenta no oficial del servicio de bicis de la ciudad de Valencia, Valenbisi. Fomento del uso de la bicicleta #transportepublico #bici Info: valenbisi@gmail.com",,,View
07.06.2018 13:24:53,@valenbisi_es,fomenta la bici,"Pedaleando bajo la lluvia con #Valenbisi chubasquero, precauci√≥n, material reflectante y atenci√≥n a peatones, coches y otras bicis. Respetar normas y sem√°foros",1001155603295883265,,pic.twitter.com/RKwBrCjgLv,,0,0,Twitter Web Client,1709,289,80,,9/19/2010,"Valencia, Spain","Cuenta no oficial del servicio de bicis de la ciudad de Valencia, Valenbisi. Fomento del uso de la bicicleta #transportepublico #bici Info: valenbisi@gmail.com",,,View
07.06.2018 13:27:47,@AMELIA_SP78,Amelia Sebasti√°n,"@EnriqueVCF97 Que va.... eso es que quieren que llegues pronto y no cojas el valenbici... üòÇüòú Adem√°s... no dicen Novia lluviosa, novia dichosa... Basket con lluvia, afici√≥n unida... Al√©... ya est√° el refr√°n inventado... jajajaja. Hoy sufriremos pero ganaremos.. la ha dicho Rub√©n... üòöüòö",1001147664472444929,,,,1,1,Twitter for Android,171,408,2,,10/22/2013,"Valencia, Comunidad Valenciana",Psic√≥loga y Psicogeront√≥loga. #Hay estrellas que nunca dejar√°n de Brillar#.,,,View
10.06.2018 10:18:44,@ToniGaliana,Toni,@ValenbisiOfi la estaci√≥n 202 est√° ko,1005725939903451136,,https://pbs.twimg.com/media/DfUOaTeXUAAiIE0.jpg,,0,0,Twitter for iPhone,183,289,2,,7/20/2011,"Valencia, Espa√±a (Spain)",,,,View
09.06.2018 14:00:57,@marionohales,mario nohales,@ValenbisiOfi El problema es que la familia ni dejaba sacar la bici ni la sacaban ni se iban de la maquina para poder sacarla los dem√°s,1005419474038738944,,,,0,0,Twitter for iPhone,417,667,5,,1/24/2010,"Valencia, Espa√±a",Opositando Agente Hacienda.Tetracampeon de frontenis(Arguisuelas)Valencianista(propietario de 10acciones y abonado cuidao)Runner.FANATICS y amante de la trivela,,,View
09.06.2018 13:50:57,@marionohales,mario nohales,"@ValenbisiOfi al margen de k ponga2bicis y solo haya una,en k momento de:1ni√±a y sus padres dicen k estan esperando a la madre,a los 5min llega y no son capaces de sacar la bici en otros 5,los aparto de la maquina dentro de la legalidad y sin responsabilidad y me llevo la bici??",1005416959406694401,,,,0,0,Twitter for iPhone,417,667,5,,1/24/2010,"Valencia, Espa√±a",Opositando Agente Hacienda.Tetracampeon de frontenis(Arguisuelas)Valencianista(propietario de 10acciones y abonado cuidao)Runner.FANATICS y amante de la trivela,,,View
07.06.2018 13:27:47,@valenbisi_es,fomenta la bici,Est√°n muy callados desde @ValenbisiOfi ¬øHabr√° novedades pronto? ¬ølograr√°n darle la vuelta a su servicio y recuperar los usuarios perdidos? ¬øIncentivar√°n otros usos?,1004686351453868032,,pic.twitter.com/94tgqh5iba,,0,0,Twitter Web Client,1710,290,80,,9/19/2010,"Valencia, Spain","Cuenta no oficial del servicio de bicis de la ciudad de Valencia, Valenbisi. Fomento del uso de la bicicleta #transportepublico #bici Info: valenbisi@gmail.com",,,View
06.06.2018 10:43:21,@valenbisi_es,fomenta la bici,Per incid√®ncies podeu compartir-les amb @ValenbisiOfi amb #SOSvalenbisi,1004282585483304960,,,,0,0,Twitter Web Client,1710,290,80,,9/19/2010,"Valencia, Spain","Cuenta no oficial del servicio de bicis de la ciudad de Valencia, Valenbisi. Fomento del uso de la bicicleta #transportepublico #bici Info: valenbisi@gmail.com",,,View
04.06.2018 19:32:42,@valentia1238,Antonio Val√©ncia,@lasprovincias @Joanenric67Joan @valenbisi_es Interesante...,1003691023644745728,,,,0,1,Twitter for Android,620,1033,15,,10/23/2016,"Valencia, Espa√±a","Valenciano, mi manera de ser y de estar. Porque ya sabes, aqu√≠, en el viejo Reino de Valencia, desde siempre, Som Valencians.",,,View
04.06.2018 12:13:37,@valenbisi_es,fomenta la bici,"@lasprovincias Pod√≠ais indagar el contrato a largo plazo que tiene firmado @JCDecaux_ESP con @AjuntamentVLC si tiene cl√°usulas ante la p√©rdida de competitividad ;) La evoluci√≥n natural de @ValenbisiOfi sin mostrar novedades es que deje paso a otras opciones m√°s ligeras,a otras m√°s innovadoras..",1003580526375120896,,,,0,2,Twitter for Android,1710,290,80,,9/19/2010,"Valencia, Spain","Cuenta no oficial del servicio de bicis de la ciudad de Valencia, Valenbisi. Fomento del uso de la bicicleta #transportepublico #bici Info: valenbisi@gmail.com",,,View
04.06.2018 9:20:00,@lasprovincias,LAS PROVINCIAS,.@valenbisi_es pierde abonados por cuarto mes consecutivo y apenas supera los 44.000,1003536832502456320,http://www.lasprovincias.es/valencia-ciudad/valenbisi-pierde-abonados-20180604004059-ntvo.html,,,6,3,TweetDeck,169140,171,1802,‚úÖ,11/25/2008,"Valencia, Spain","Noticias de la Comunitat Valenciana, de Espa√±a y de √°mbito internacional WhatsApp: 626641201. Agr√©ganos y env√≠anos tu nombre. https://telegram.me/lasprovincias",http://www.lasprovincias.es,,View
03.06.2018 17:16:59,@pacoguillem,Francesc Guillem,@valenbisi_es @emtvalencia @metrovalencia S'ha quedat un dia preci√≥s per anar en bici,1003294484120133632,,https://pbs.twimg.com/media/Dexq8jMWsAE-pd9.jpg,,1,2,Twitter for Android,239,298,16,,6/21/2010,Massalfassar,Ciclista urb√† del sud emigrat al nord. Enamorat de les paraules. M'agrada c√≥rrer i fer de viquipedista.,,,View
03.06.2018 5:34:16,@valenbisi_es,fomenta la bici,"@taxivoltereta @joanribo @policialocalvlc @ciclismoafondo @ValenbisiOfi @VlcMobilitat ¬øCursillos para biciclistas, conductores que pasaron su carnet hace a√±os y no logran recordar que es eso de urbanidad, conductores de servicios p√∫blicos, transportistas y peatones? Ante actos inc√≠vicos hay muchos implicados en la ciudad...",1003117637046546433,,,,0,0,Twitter for Android,1710,290,80,,9/19/2010,"Valencia, Spain","Cuenta no oficial del servicio de bicis de la ciudad de Valencia, Valenbisi. Fomento del uso de la bicicleta #transportepublico #bici Info: valenbisi@gmail.com",,,View
01.06.2018 13:42:03,@valenbisi_es,fomenta la bici,@taxivoltereta @joanribo @policialocalvlc @ciclismoafondo Un punto interesante en las Estaciones Valenbisi ser√≠a si al elegir un idioma que no sea espa√±ol / valenciano y/o a los nuevos turistas de corta duraci√≥n les apareciera consignas de seguridad y educaci√≥n vial antes de desbloquear las bornetas @ValenbisiOfi @VlcMobilitat,1002515617436532737,,pic.twitter.com/OByE4GvOrJ,,1,0,Twitter Web Client,1710,290,80,,9/19/2010,"Valencia, Spain","Cuenta no oficial del servicio de bicis de la ciudad de Valencia, Valenbisi. Fomento del uso de la bicicleta #transportepublico #bici Info: valenbisi@gmail.com",,,View